common_name,scientific_name,start_s,end_s,confidence,label,file_index,filename,file_stem,recording_date,recording_start_time,absolute_timestamp,species,timestamp,confidence,status,geographic_valid,temporal_valid,habitat_valid,weather_score,rejection_reason,review_notes,overall_score,ebird_frequency,gbif_occurrences,quality_score
Arctic Tern,Sterna paradisaea,27714.0,27717.0,0.2928722500801086,Sterna paradisaea_Arctic Tern,1,245AAA0563ED3DA7_20251013_113753.WAV,245AAA0563ED3DA7_20251013_113753,2025-10-13,11:37:53,2025-10-13 19:19:47,Arctic Tern,2025-10-13 19:19:47,0.2928722500801086,REVIEW,True,True,True,,,['eBird validation skipped (no API key); GBIF: Sterna paradisaea has no recorded occurrences in 50.0km radius for month 10 (last 10 years)'],0.5585744500160217,,0,0.4928722500801086
Arctic Warbler,Phylloscopus borealis,29232.0,29235.0,0.4617729485034942,Phylloscopus borealis_Arctic Warbler,2,245AAA0563ED3DA7_20251014_000000.WAV,245AAA0563ED3DA7_20251014_000000,2025-10-14,00:00:00,2025-10-14 08:07:12,Arctic Warbler,2025-10-14 08:07:12,0.4617729485034942,REVIEW,True,True,True,,,['eBird validation skipped (no API key); GBIF: Phylloscopus borealis has no recorded occurrences in 50.0km radius for month 10 (last 10 years)'],0.5923545897006989,,0,0.6617729485034943
Arctic Warbler,Phylloscopus borealis,26025.0,26028.0,0.4186185598373413,Phylloscopus borealis_Arctic Warbler,2,245AAA0563ED3DA7_20251014_000000.WAV,245AAA0563ED3DA7_20251014_000000,2025-10-14,00:00:00,2025-10-14 07:13:45,Arctic Warbler,2025-10-14 07:13:45,0.4186185598373413,REVIEW,True,True,True,,,['eBird validation skipped (no API key); GBIF: Phylloscopus borealis has no recorded occurrences in 50.0km radius for month 10 (last 10 years)'],0.5837237119674683,,0,0.6186185598373414
Arctic Warbler,Phylloscopus borealis,29391.0,29394.0,0.4149585664272308,Phylloscopus borealis_Arctic Warbler,2,245AAA0563ED3DA7_20251014_000000.WAV,245AAA0563ED3DA7_20251014_000000,2025-10-14,00:00:00,2025-10-14 08:09:51,Arctic Warbler,2025-10-14 08:09:51,0.4149585664272308,REVIEW,True,True,True,,,['eBird validation skipped (no API key); GBIF: Phylloscopus borealis has no recorded occurrences in 50.0km radius for month 10 (last 10 years)'],0.5829917132854462,,0,0.6149585664272309
Bank Swallow,Riparia riparia,7077.0,7080.0,0.4715615808963775,Riparia riparia_Bank Swallow,1,245AAA0563ED3DA7_20251013_113753.WAV,245AAA0563ED3DA7_20251013_113753,2025-10-13,11:37:53,2025-10-13 13:35:50,Bank Swallow,2025-10-13 13:35:50,0.4715615808963775,REVIEW,True,True,True,,,['eBird validation skipped (no API key); GBIF: Riparia riparia has no recorded occurrences in 50.0km radius for month 10 (last 10 years)'],0.5943123161792755,,0,0.6715615808963776
Bank Swallow,Riparia riparia,6186.0,6189.0,0.3539935648441314,Riparia riparia_Bank Swallow,3,245AAA0563ED3DA7_20251014_122526.WAV,245AAA0563ED3DA7_20251014_122526,2025-10-14,12:25:26,2025-10-14 14:08:32,Bank Swallow,2025-10-14 14:08:32,0.3539935648441314,REVIEW,True,True,True,,,['eBird validation skipped (no API key); GBIF: Riparia riparia has no recorded occurrences in 50.0km radius for month 10 (last 10 years)'],0.5707987129688263,,0,0.5539935648441315
Bank Swallow,Riparia riparia,7131.0,7134.0,0.2985400557518005,Riparia riparia_Bank Swallow,3,245AAA0563ED3DA7_20251014_122526.WAV,245AAA0563ED3DA7_20251014_122526,2025-10-14,12:25:26,2025-10-14 14:24:17,Bank Swallow,2025-10-14 14:24:17,0.2985400557518005,REVIEW,True,True,True,,,['eBird validation skipped (no API key); GBIF: Riparia riparia has no recorded occurrences in 50.0km radius for month 10 (last 10 years)'],0.5597080111503601,,0,0.4985400557518005
Black Woodpecker,Dryocopus martius,8823.0,8826.0,0.3936589360237121,Dryocopus martius_Black Woodpecker,4,245AAA0563ED3DA7_20251015_000000.WAV,245AAA0563ED3DA7_20251015_000000,2025-10-15,00:00:00,2025-10-15 02:27:03,Black Woodpecker,2025-10-15 02:27:03,0.3936589360237121,REVIEW,True,True,True,,,['eBird validation skipped (no API key); GBIF: Dryocopus martius has no recorded occurrences in 50.0km radius for month 10 (last 10 years)'],0.5787317872047424,,0,0.5936589360237122
Black Woodpecker,Dryocopus martius,9750.0,9753.0,0.2831014990806579,Dryocopus martius_Black Woodpecker,4,245AAA0563ED3DA7_20251015_000000.WAV,245AAA0563ED3DA7_20251015_000000,2025-10-15,00:00:00,2025-10-15 02:42:30,Black Woodpecker,2025-10-15 02:42:30,0.2831014990806579,REVIEW,True,True,True,,,['eBird validation skipped (no API key); GBIF: Dryocopus martius has no recorded occurrences in 50.0km radius for month 10 (last 10 years)'],0.5566202998161316,,0,0.4831014990806579
Black-bellied Plover,Pluvialis squatarola,41268.0,41271.0,0.4349128305912018,Pluvialis squatarola_Black-bellied Plover,4,245AAA0563ED3DA7_20251015_000000.WAV,245AAA0563ED3DA7_20251015_000000,2025-10-15,00:00:00,2025-10-15 11:27:48,Black-bellied Plover,2025-10-15 11:27:48,0.4349128305912018,REVIEW,True,True,True,,,['eBird validation skipped (no API key); GBIF: Pluvialis squatarola has no recorded occurrences in 50.0km radius for month 10 (last 10 years)'],0.5869825661182404,,0,0.6349128305912018
Black-headed Gull,Chroicocephalus ridibundus,5088.0,5091.0,0.5128580331802368,Chroicocephalus ridibundus_Black-headed Gull,1,245AAA0563ED3DA7_20251013_113753.WAV,245AAA0563ED3DA7_20251013_113753,2025-10-13,11:37:53,2025-10-13 13:02:41,Black-headed Gull,2025-10-13 13:02:41,0.5128580331802368,REVIEW,True,True,True,,,['eBird validation skipped (no API key); GBIF: Chroicocephalus ridibundus has no recorded occurrences in 50.0km radius for month 10 (last 10 years)'],0.6025716066360474,,0,0.7128580331802369
Black-headed Gull,Chroicocephalus ridibundus,43086.0,43089.0,0.4776014387607574,Chroicocephalus ridibundus_Black-headed Gull,4,245AAA0563ED3DA7_20251015_000000.WAV,245AAA0563ED3DA7_20251015_000000,2025-10-15,00:00:00,2025-10-15 11:58:06,Black-headed Gull,2025-10-15 11:58:06,0.4776014387607574,REVIEW,True,True,True,,,['eBird validation skipped (no API key); GBIF: Chroicocephalus ridibundus has no recorded occurrences in 50.0km radius for month 10 (last 10 years)'],0.5955202877521515,,0,0.6776014387607575
Black-headed Gull,Chroicocephalus ridibundus,44376.0,44379.0,0.3682257533073425,Chroicocephalus ridibundus_Black-headed Gull,4,245AAA0563ED3DA7_20251015_000000.WAV,245AAA0563ED3DA7_20251015_000000,2025-10-15,00:00:00,2025-10-15 12:19:36,Black-headed Gull,2025-10-15 12:19:36,0.3682257533073425,REVIEW,True,True,True,,,['eBird validation skipped (no API key); GBIF: Chroicocephalus ridibundus has no recorded occurrences in 50.0km radius for month 10 (last 10 years)'],0.5736451506614685,,0,0.5682257533073426
Black-legged Kittiwake,Rissa tridactyla,25818.0,25821.0,0.3200206458568573,Rissa tridactyla_Black-legged Kittiwake,4,245AAA0563ED3DA7_20251015_000000.WAV,245AAA0563ED3DA7_20251015_000000,2025-10-15,00:00:00,2025-10-15 07:10:18,Black-legged Kittiwake,2025-10-15 07:10:18,0.3200206458568573,REVIEW,True,True,True,,,['eBird validation skipped (no API key); GBIF: Rissa tridactyla has no recorded occurrences in 50.0km radius for month 10 (last 10 years)'],0.5640041291713714,,0,0.5200206458568573
Boreal Owl,Aegolius funereus,28866.0,28869.0,0.3343629837036133,Aegolius funereus_Boreal Owl,3,245AAA0563ED3DA7_20251014_122526.WAV,245AAA0563ED3DA7_20251014_122526,2025-10-14,12:25:26,2025-10-14 20:26:32,Boreal Owl,2025-10-14 20:26:32,0.3343629837036133,REVIEW,True,True,True,,,['eBird validation skipped (no API key); GBIF: Aegolius funereus has no recorded occurrences in 50.0km radius for month 10 (last 10 years)'],0.5668725967407227,,0,0.5343629837036132
Brambling,Fringilla montifringilla,32277.0,32280.0,0.6833499073982239,Fringilla montifringilla_Brambling,2,245AAA0563ED3DA7_20251014_000000.WAV,245AAA0563ED3DA7_20251014_000000,2025-10-14,00:00:00,2025-10-14 08:57:57,Brambling,2025-10-14 08:57:57,0.6833499073982239,REVIEW,True,True,True,,,['eBird validation skipped (no API key); GBIF: Fringilla montifringilla has no recorded occurrences in 50.0km radius for month 10 (last 10 years)'],0.6366699814796448,,0,0.8833499073982239
Brant,Branta bernicla,18618.0,18621.0,0.6638275384902954,Branta bernicla_Brant,4,245AAA0563ED3DA7_20251015_000000.WAV,245AAA0563ED3DA7_20251015_000000,2025-10-15,00:00:00,2025-10-15 05:10:18,Brant,2025-10-15 05:10:18,0.6638275384902954,REVIEW,True,True,True,,,['eBird validation skipped (no API key); GBIF: Branta bernicla has no recorded occurrences in 50.0km radius for month 10 (last 10 years)'],0.6327655076980591,,0,0.8638275384902955
Canada Goose,Branta canadensis,44319.0,44322.0,0.6374825835227966,Branta canadensis_Canada Goose,4,245AAA0563ED3DA7_20251015_000000.WAV,245AAA0563ED3DA7_20251015_000000,2025-10-15,00:00:00,2025-10-15 12:18:39,Canada Goose,2025-10-15 12:18:39,0.6374825835227966,REVIEW,True,True,True,,,['eBird validation skipped (no API key); GBIF: Branta canadensis has no recorded occurrences in 50.0km radius for month 10 (last 10 years)'],0.6274965167045593,,0,0.8374825835227967
Canada Goose,Branta canadensis,17724.0,17727.0,0.5001338124275208,Branta canadensis_Canada Goose,3,245AAA0563ED3DA7_20251014_122526.WAV,245AAA0563ED3DA7_20251014_122526,2025-10-14,12:25:26,2025-10-14 17:20:50,Canada Goose,2025-10-14 17:20:50,0.5001338124275208,REVIEW,True,True,True,,,['eBird validation skipped (no API key); GBIF: Branta canadensis has no recorded occurrences in 50.0km radius for month 10 (last 10 years)'],0.6000267624855041,,0,0.7001338124275208
Canada Goose,Branta canadensis,44223.0,44226.0,0.4799827039241791,Branta canadensis_Canada Goose,2,245AAA0563ED3DA7_20251014_000000.WAV,245AAA0563ED3DA7_20251014_000000,2025-10-14,00:00:00,2025-10-14 12:17:03,Canada Goose,2025-10-14 12:17:03,0.4799827039241791,REVIEW,True,True,True,,,['eBird validation skipped (no API key); GBIF: Branta canadensis has no recorded occurrences in 50.0km radius for month 10 (last 10 years)'],0.5959965407848358,,0,0.6799827039241791
Carrion Crow,Corvus corone,27471.0,27474.0,0.7567083835601807,Corvus corone_Carrion Crow,2,245AAA0563ED3DA7_20251014_000000.WAV,245AAA0563ED3DA7_20251014_000000,2025-10-14,00:00:00,2025-10-14 07:37:51,Carrion Crow,2025-10-14 07:37:51,0.7567083835601807,REVIEW,True,True,True,,,['eBird validation skipped (no API key); GBIF: Corvus corone has no recorded occurrences in 50.0km radius for month 10 (last 10 years)'],0.6513416767120361,,0,0.9567083835601807
Carrion Crow,Corvus corone,3780.0,3783.0,0.7075808048248291,Corvus corone_Carrion Crow,1,245AAA0563ED3DA7_20251013_113753.WAV,245AAA0563ED3DA7_20251013_113753,2025-10-13,11:37:53,2025-10-13 12:40:53,Carrion Crow,2025-10-13 12:40:53,0.7075808048248291,REVIEW,True,True,True,,,['eBird validation skipped (no API key); GBIF: Corvus corone has no recorded occurrences in 50.0km radius for month 10 (last 10 years)'],0.6415161609649658,,0,0.9075808048248292
Carrion Crow,Corvus corone,35241.0,35244.0,0.6782649755477905,Corvus corone_Carrion Crow,4,245AAA0563ED3DA7_20251015_000000.WAV,245AAA0563ED3DA7_20251015_000000,2025-10-15,00:00:00,2025-10-15 09:47:21,Carrion Crow,2025-10-15 09:47:21,0.6782649755477905,REVIEW,True,True,True,,,['eBird validation skipped (no API key); GBIF: Corvus corone has no recorded occurrences in 50.0km radius for month 10 (last 10 years)'],0.6356529951095581,,0,0.8782649755477906
Common Buzzard,Buteo buteo,40560.0,40563.0,0.3139726817607879,Buteo buteo_Common Buzzard,4,245AAA0563ED3DA7_20251015_000000.WAV,245AAA0563ED3DA7_20251015_000000,2025-10-15,00:00:00,2025-10-15 11:16:00,Common Buzzard,2025-10-15 11:16:00,0.3139726817607879,REVIEW,True,True,True,,,['eBird validation skipped (no API key); GBIF: Buteo buteo has no recorded occurrences in 50.0km radius for month 10 (last 10 years)'],0.5627945363521576,,0,0.5139726817607879
Common Crane,Grus grus,16332.0,16335.0,0.6629758477210999,Grus grus_Common Crane,4,245AAA0563ED3DA7_20251015_000000.WAV,245AAA0563ED3DA7_20251015_000000,2025-10-15,00:00:00,2025-10-15 04:32:12,Common Crane,2025-10-15 04:32:12,0.6629758477210999,REVIEW,True,True,True,,,['eBird validation skipped (no API key); GBIF: Grus grus has no recorded occurrences in 50.0km radius for month 10 (last 10 years)'],0.76759516954422,,0,0.8629758477210999
Common Crane,Grus grus,13119.0,13122.0,0.6533118486404419,Grus grus_Common Crane,1,245AAA0563ED3DA7_20251013_113753.WAV,245AAA0563ED3DA7_20251013_113753,2025-10-13,11:37:53,2025-10-13 15:16:32,Common Crane,2025-10-13 15:16:32,0.6533118486404419,REVIEW,True,True,True,,,['eBird validation skipped (no API key); GBIF: Grus grus has no recorded occurrences in 50.0km radius for month 10 (last 10 years)'],0.7656623697280884,,0,0.853311848640442
Common Crane,Grus grus,39246.0,39249.0,0.6293436884880066,Grus grus_Common Crane,3,245AAA0563ED3DA7_20251014_122526.WAV,245AAA0563ED3DA7_20251014_122526,2025-10-14,12:25:26,2025-10-14 23:19:32,Common Crane,2025-10-14 23:19:32,0.6293436884880066,REVIEW,True,True,True,,,['eBird validation skipped (no API key); GBIF: Grus grus has no recorded occurrences in 50.0km radius for month 10 (last 10 years)'],0.7608687376976013,,0,0.8293436884880067
Common Goldeneye,Bucephala clangula,20886.0,20889.0,0.2648724913597107,Bucephala clangula_Common Goldeneye,1,245AAA0563ED3DA7_20251013_113753.WAV,245AAA0563ED3DA7_20251013_113753,2025-10-13,11:37:53,2025-10-13 17:25:59,Common Goldeneye,2025-10-13 17:25:59,0.2648724913597107,REVIEW,True,True,True,,,['eBird validation skipped (no API key); GBIF: Bucephala clangula has no recorded occurrences in 50.0km radius for month 10 (last 10 years)'],0.5529744982719421,,0,0.46487249135971065
Common Grasshopper-Warbler,Locustella naevia,28815.0,28818.0,0.8865875601768494,Locustella naevia_Common Grasshopper-Warbler,2,245AAA0563ED3DA7_20251014_000000.WAV,245AAA0563ED3DA7_20251014_000000,2025-10-14,00:00:00,2025-10-14 08:00:15,Common Grasshopper-Warbler,2025-10-14 08:00:15,0.8865875601768494,REVIEW,True,True,True,,,['eBird validation skipped (no API key); GBIF: Locustella naevia has no recorded occurrences in 50.0km radius for month 10 (last 10 years)'],0.6773175120353698,,0,1.0865875601768493
Common Grasshopper-Warbler,Locustella naevia,30528.0,30531.0,0.7964690327644348,Locustella naevia_Common Grasshopper-Warbler,2,245AAA0563ED3DA7_20251014_000000.WAV,245AAA0563ED3DA7_20251014_000000,2025-10-14,00:00:00,2025-10-14 08:28:48,Common Grasshopper-Warbler,2025-10-14 08:28:48,0.7964690327644348,REVIEW,True,True,True,,,['eBird validation skipped (no API key); GBIF: Locustella naevia has no recorded occurrences in 50.0km radius for month 10 (last 10 years)'],0.6592938065528869,,0,0.9964690327644349
Common Grasshopper-Warbler,Locustella naevia,31053.0,31056.0,0.7804725766181946,Locustella naevia_Common Grasshopper-Warbler,2,245AAA0563ED3DA7_20251014_000000.WAV,245AAA0563ED3DA7_20251014_000000,2025-10-14,00:00:00,2025-10-14 08:37:33,Common Grasshopper-Warbler,2025-10-14 08:37:33,0.7804725766181946,REVIEW,True,True,True,,,['eBird validation skipped (no API key); GBIF: Locustella naevia has no recorded occurrences in 50.0km radius for month 10 (last 10 years)'],0.6560945153236389,,0,0.9804725766181946
Common House-Martin,Delichon urbicum,5589.0,5592.0,0.329817920923233,Delichon urbicum_Common House-Martin,3,245AAA0563ED3DA7_20251014_122526.WAV,245AAA0563ED3DA7_20251014_122526,2025-10-14,12:25:26,2025-10-14 13:58:35,Common House-Martin,2025-10-14 13:58:35,0.329817920923233,REVIEW,True,True,True,,,['eBird validation skipped (no API key); GBIF: Delichon urbicum has no recorded occurrences in 50.0km radius for month 10 (last 10 years)'],0.5659635841846467,,0,0.529817920923233
Common Loon,Gavia immer,28869.0,28872.0,0.5989507436752319,Gavia immer_Common Loon,3,245AAA0563ED3DA7_20251014_122526.WAV,245AAA0563ED3DA7_20251014_122526,2025-10-14,12:25:26,2025-10-14 20:26:35,Common Loon,2025-10-14 20:26:35,0.5989507436752319,REVIEW,True,True,True,,,['eBird validation skipped (no API key); GBIF: Gavia immer has no recorded occurrences in 50.0km radius for month 10 (last 10 years)'],0.6197901487350463,,0,0.798950743675232
Common Loon,Gavia immer,25092.0,25095.0,0.5255117416381836,Gavia immer_Common Loon,1,245AAA0563ED3DA7_20251013_113753.WAV,245AAA0563ED3DA7_20251013_113753,2025-10-13,11:37:53,2025-10-13 18:36:05,Common Loon,2025-10-13 18:36:05,0.5255117416381836,REVIEW,True,True,True,,,['eBird validation skipped (no API key); GBIF: Gavia immer has no recorded occurrences in 50.0km radius for month 10 (last 10 years)'],0.6051023483276368,,0,0.7255117416381837
Common Loon,Gavia immer,12612.0,12615.0,0.3938211500644684,Gavia immer_Common Loon,1,245AAA0563ED3DA7_20251013_113753.WAV,245AAA0563ED3DA7_20251013_113753,2025-10-13,11:37:53,2025-10-13 15:08:05,Common Loon,2025-10-13 15:08:05,0.3938211500644684,REVIEW,True,True,True,,,['eBird validation skipped (no API key); GBIF: Gavia immer has no recorded occurrences in 50.0km radius for month 10 (last 10 years)'],0.5787642300128937,,0,0.5938211500644685
Common Quail,Coturnix coturnix,9606.0,9609.0,0.4564340114593506,Coturnix coturnix_Common Quail,2,245AAA0563ED3DA7_20251014_000000.WAV,245AAA0563ED3DA7_20251014_000000,2025-10-14,00:00:00,2025-10-14 02:40:06,Common Quail,2025-10-14 02:40:06,0.4564340114593506,REVIEW,True,True,True,,,['eBird validation skipped (no API key); GBIF: Coturnix coturnix has no recorded occurrences in 50.0km radius for month 10 (last 10 years)'],0.5912868022918701,,0,0.6564340114593507
Common Raven,Corvus corax,20694.0,20697.0,0.2624345421791076,Corvus corax_Common Raven,3,245AAA0563ED3DA7_20251014_122526.WAV,245AAA0563ED3DA7_20251014_122526,2025-10-14,12:25:26,2025-10-14 18:10:20,Common Raven,2025-10-14 18:10:20,0.2624345421791076,REVIEW,True,True,True,,,['eBird validation skipped (no API key); GBIF: Corvus corax has no recorded occurrences in 50.0km radius for month 10 (last 10 years)'],0.5524869084358215,,0,0.4624345421791076
Common Redpoll,Acanthis flammea,42162.0,42165.0,0.4994414746761322,Acanthis flammea_Common Redpoll,2,245AAA0563ED3DA7_20251014_000000.WAV,245AAA0563ED3DA7_20251014_000000,2025-10-14,00:00:00,2025-10-14 11:42:42,Common Redpoll,2025-10-14 11:42:42,0.4994414746761322,REVIEW,True,True,True,,,['eBird validation skipped (no API key); GBIF: Acanthis flammea has no recorded occurrences in 50.0km radius for month 10 (last 10 years)'],0.5998882949352264,,0,0.6994414746761323
Common Redpoll,Acanthis flammea,25866.0,25869.0,0.4733695387840271,Acanthis flammea_Common Redpoll,4,245AAA0563ED3DA7_20251015_000000.WAV,245AAA0563ED3DA7_20251015_000000,2025-10-15,00:00:00,2025-10-15 07:11:06,Common Redpoll,2025-10-15 07:11:06,0.4733695387840271,REVIEW,True,True,True,,,['eBird validation skipped (no API key); GBIF: Acanthis flammea has no recorded occurrences in 50.0km radius for month 10 (last 10 years)'],0.5946739077568054,,0,0.6733695387840272
Common Redpoll,Acanthis flammea,25599.0,25602.0,0.4376788139343261,Acanthis flammea_Common Redpoll,2,245AAA0563ED3DA7_20251014_000000.WAV,245AAA0563ED3DA7_20251014_000000,2025-10-14,00:00:00,2025-10-14 07:06:39,Common Redpoll,2025-10-14 07:06:39,0.4376788139343261,REVIEW,True,True,True,,,['eBird validation skipped (no API key); GBIF: Acanthis flammea has no recorded occurrences in 50.0km radius for month 10 (last 10 years)'],0.5875357627868653,,0,0.6376788139343262
Common Sandpiper,Actitis hypoleucos,15243.0,15246.0,0.9784222841262816,Actitis hypoleucos_Common Sandpiper,3,245AAA0563ED3DA7_20251014_122526.WAV,245AAA0563ED3DA7_20251014_122526,2025-10-14,12:25:26,2025-10-14 16:39:29,Common Sandpiper,2025-10-14 16:39:29,0.9784222841262816,REVIEW,True,True,True,,,['eBird validation skipped (no API key); GBIF: Actitis hypoleucos has no recorded occurrences in 50.0km radius for month 10 (last 10 years)'],0.6956844568252564,,0,1.1784222841262817
Common Sandpiper,Actitis hypoleucos,30327.0,30330.0,0.3281867802143097,Actitis hypoleucos_Common Sandpiper,1,245AAA0563ED3DA7_20251013_113753.WAV,245AAA0563ED3DA7_20251013_113753,2025-10-13,11:37:53,2025-10-13 20:03:20,Common Sandpiper,2025-10-13 20:03:20,0.3281867802143097,REVIEW,True,True,True,,,['eBird validation skipped (no API key); GBIF: Actitis hypoleucos has no recorded occurrences in 50.0km radius for month 10 (last 10 years)'],0.5656373560428619,,0,0.5281867802143096
Common Scoter,Melanitta nigra,39888.0,39891.0,0.4819347262382507,Melanitta nigra_Common Scoter,4,245AAA0563ED3DA7_20251015_000000.WAV,245AAA0563ED3DA7_20251015_000000,2025-10-15,00:00:00,2025-10-15 11:04:48,Common Scoter,2025-10-15 11:04:48,0.4819347262382507,REVIEW,True,True,True,,,['eBird validation skipped (no API key); GBIF: Melanitta nigra has no recorded occurrences in 50.0km radius for month 10 (last 10 years)'],0.5963869452476501,,0,0.6819347262382508
Common Scoter,Melanitta nigra,44604.0,44607.0,0.2956933379173279,Melanitta nigra_Common Scoter,2,245AAA0563ED3DA7_20251014_000000.WAV,245AAA0563ED3DA7_20251014_000000,2025-10-14,00:00:00,2025-10-14 12:23:24,Common Scoter,2025-10-14 12:23:24,0.2956933379173279,REVIEW,True,True,True,,,['eBird validation skipped (no API key); GBIF: Melanitta nigra has no recorded occurrences in 50.0km radius for month 10 (last 10 years)'],0.5591386675834655,,0,0.49569333791732784
Common Scoter,Melanitta nigra,35697.0,35700.0,0.2773169577121734,Melanitta nigra_Common Scoter,4,245AAA0563ED3DA7_20251015_000000.WAV,245AAA0563ED3DA7_20251015_000000,2025-10-15,00:00:00,2025-10-15 09:54:57,Common Scoter,2025-10-15 09:54:57,0.2773169577121734,REVIEW,True,True,True,,,['eBird validation skipped (no API key); GBIF: Melanitta nigra has no recorded occurrences in 50.0km radius for month 10 (last 10 years)'],0.5554633915424347,,0,0.4773169577121734
Common Snipe,Gallinago gallinago,18816.0,18819.0,0.5076087713241577,Gallinago gallinago_Common Snipe,1,245AAA0563ED3DA7_20251013_113753.WAV,245AAA0563ED3DA7_20251013_113753,2025-10-13,11:37:53,2025-10-13 16:51:29,Common Snipe,2025-10-13 16:51:29,0.5076087713241577,REVIEW,True,True,True,,,['eBird validation skipped (no API key); GBIF: Gallinago gallinago has no recorded occurrences in 50.0km radius for month 10 (last 10 years)'],0.6015217542648316,,0,0.7076087713241578
Common Snipe,Gallinago gallinago,18810.0,18813.0,0.2629331648349762,Gallinago gallinago_Common Snipe,1,245AAA0563ED3DA7_20251013_113753.WAV,245AAA0563ED3DA7_20251013_113753,2025-10-13,11:37:53,2025-10-13 16:51:23,Common Snipe,2025-10-13 16:51:23,0.2629331648349762,REVIEW,True,True,True,,,['eBird validation skipped (no API key); GBIF: Gallinago gallinago has no recorded occurrences in 50.0km radius for month 10 (last 10 years)'],0.5525866329669953,,0,0.46293316483497615
Common Tern,Sterna hirundo,41292.0,41295.0,0.3062166273593902,Sterna hirundo_Common Tern,4,245AAA0563ED3DA7_20251015_000000.WAV,245AAA0563ED3DA7_20251015_000000,2025-10-15,00:00:00,2025-10-15 11:28:12,Common Tern,2025-10-15 11:28:12,0.3062166273593902,REVIEW,True,True,True,,,['eBird validation skipped (no API key); GBIF: Sterna hirundo has no recorded occurrences in 50.0km radius for month 10 (last 10 years)'],0.561243325471878,,0,0.5062166273593902
Corn Crake,Crex crex,26580.0,26583.0,0.2719783782958984,Crex crex_Corn Crake,2,245AAA0563ED3DA7_20251014_000000.WAV,245AAA0563ED3DA7_20251014_000000,2025-10-14,00:00:00,2025-10-14 07:23:00,Corn Crake,2025-10-14 07:23:00,0.2719783782958984,REVIEW,True,True,True,,,['eBird validation skipped (no API key); GBIF: Crex crex has no recorded occurrences in 50.0km radius for month 10 (last 10 years)'],0.5543956756591797,,0,0.4719783782958984
Dunlin,Calidris alpina,17913.0,17916.0,0.403543621301651,Calidris alpina_Dunlin,3,245AAA0563ED3DA7_20251014_122526.WAV,245AAA0563ED3DA7_20251014_122526,2025-10-14,12:25:26,2025-10-14 17:23:59,Dunlin,2025-10-14 17:23:59,0.403543621301651,REVIEW,True,True,True,,,['eBird validation skipped (no API key); GBIF: Calidris alpina has no recorded occurrences in 50.0km radius for month 10 (last 10 years)'],0.5807087242603302,,0,0.6035436213016511
Dunlin,Calidris alpina,25173.0,25176.0,0.26312255859375,Calidris alpina_Dunlin,3,245AAA0563ED3DA7_20251014_122526.WAV,245AAA0563ED3DA7_20251014_122526,2025-10-14,12:25:26,2025-10-14 19:24:59,Dunlin,2025-10-14 19:24:59,0.26312255859375,REVIEW,True,True,True,,,['eBird validation skipped (no API key); GBIF: Calidris alpina has no recorded occurrences in 50.0km radius for month 10 (last 10 years)'],0.55262451171875,,0,0.46312255859374996
Dunnock,Prunella modularis,32583.0,32586.0,0.2847785055637359,Prunella modularis_Dunnock,2,245AAA0563ED3DA7_20251014_000000.WAV,245AAA0563ED3DA7_20251014_000000,2025-10-14,00:00:00,2025-10-14 09:03:03,Dunnock,2025-10-14 09:03:03,0.2847785055637359,REVIEW,True,True,True,,,['eBird validation skipped (no API key); GBIF: Prunella modularis has no recorded occurrences in 50.0km radius for month 10 (last 10 years)'],0.5569557011127472,,0,0.4847785055637359
Eurasian Blue Tit,Cyanistes caeruleus,28992.0,28995.0,0.7104076147079468,Cyanistes caeruleus_Eurasian Blue Tit,2,245AAA0563ED3DA7_20251014_000000.WAV,245AAA0563ED3DA7_20251014_000000,2025-10-14,00:00:00,2025-10-14 08:03:12,Eurasian Blue Tit,2025-10-14 08:03:12,0.7104076147079468,REVIEW,True,True,True,,,['eBird validation skipped (no API key); GBIF: Cyanistes caeruleus has no recorded occurrences in 50.0km radius for month 10 (last 10 years)'],0.6420815229415894,,0,0.9104076147079468
Eurasian Blue Tit,Cyanistes caeruleus,29190.0,29193.0,0.5896591544151306,Cyanistes caeruleus_Eurasian Blue Tit,2,245AAA0563ED3DA7_20251014_000000.WAV,245AAA0563ED3DA7_20251014_000000,2025-10-14,00:00:00,2025-10-14 08:06:30,Eurasian Blue Tit,2025-10-14 08:06:30,0.5896591544151306,REVIEW,True,True,True,,,['eBird validation skipped (no API key); GBIF: Cyanistes caeruleus has no recorded occurrences in 50.0km radius for month 10 (last 10 years)'],0.6179318308830262,,0,0.7896591544151307
Eurasian Coot,Fulica atra,43830.0,43833.0,0.6279417872428894,Fulica atra_Eurasian Coot,2,245AAA0563ED3DA7_20251014_000000.WAV,245AAA0563ED3DA7_20251014_000000,2025-10-14,00:00:00,2025-10-14 12:10:30,Eurasian Coot,2025-10-14 12:10:30,0.6279417872428894,REVIEW,True,True,True,,,['eBird validation skipped (no API key); GBIF: Fulica atra has no recorded occurrences in 50.0km radius for month 10 (last 10 years)'],0.6255883574485779,,0,0.8279417872428895
Eurasian Coot,Fulica atra,23373.0,23376.0,0.6199577450752258,Fulica atra_Eurasian Coot,1,245AAA0563ED3DA7_20251013_113753.WAV,245AAA0563ED3DA7_20251013_113753,2025-10-13,11:37:53,2025-10-13 18:07:26,Eurasian Coot,2025-10-13 18:07:26,0.6199577450752258,REVIEW,True,True,True,,,['eBird validation skipped (no API key); GBIF: Fulica atra has no recorded occurrences in 50.0km radius for month 10 (last 10 years)'],0.6239915490150452,,0,0.8199577450752259
Eurasian Coot,Fulica atra,2496.0,2499.0,0.4816227853298187,Fulica atra_Eurasian Coot,3,245AAA0563ED3DA7_20251014_122526.WAV,245AAA0563ED3DA7_20251014_122526,2025-10-14,12:25:26,2025-10-14 13:07:02,Eurasian Coot,2025-10-14 13:07:02,0.4816227853298187,REVIEW,True,True,True,,,['eBird validation skipped (no API key); GBIF: Fulica atra has no recorded occurrences in 50.0km radius for month 10 (last 10 years)'],0.5963245570659638,,0,0.6816227853298188
Eurasian Curlew,Numenius arquata,15798.0,15801.0,0.6661829948425293,Numenius arquata_Eurasian Curlew,3,245AAA0563ED3DA7_20251014_122526.WAV,245AAA0563ED3DA7_20251014_122526,2025-10-14,12:25:26,2025-10-14 16:48:44,Eurasian Curlew,2025-10-14 16:48:44,0.6661829948425293,REVIEW,True,True,True,,,['eBird validation skipped (no API key); GBIF: Numenius arquata has no recorded occurrences in 50.0km radius for month 10 (last 10 years)'],0.6332365989685058,,0,0.8661829948425294
Eurasian Curlew,Numenius arquata,43071.0,43074.0,0.6291172504425049,Numenius arquata_Eurasian Curlew,2,245AAA0563ED3DA7_20251014_000000.WAV,245AAA0563ED3DA7_20251014_000000,2025-10-14,00:00:00,2025-10-14 11:57:51,Eurasian Curlew,2025-10-14 11:57:51,0.6291172504425049,REVIEW,True,True,True,,,['eBird validation skipped (no API key); GBIF: Numenius arquata has no recorded occurrences in 50.0km radius for month 10 (last 10 years)'],0.6258234500885009,,0,0.829117250442505
Eurasian Curlew,Numenius arquata,15075.0,15078.0,0.5981268882751465,Numenius arquata_Eurasian Curlew,3,245AAA0563ED3DA7_20251014_122526.WAV,245AAA0563ED3DA7_20251014_122526,2025-10-14,12:25:26,2025-10-14 16:36:41,Eurasian Curlew,2025-10-14 16:36:41,0.5981268882751465,REVIEW,True,True,True,,,['eBird validation skipped (no API key); GBIF: Numenius arquata has no recorded occurrences in 50.0km radius for month 10 (last 10 years)'],0.6196253776550293,,0,0.7981268882751466
Eurasian Eagle-Owl,Bubo bubo,43653.0,43656.0,0.3814470171928406,Bubo bubo_Eurasian Eagle-Owl,4,245AAA0563ED3DA7_20251015_000000.WAV,245AAA0563ED3DA7_20251015_000000,2025-10-15,00:00:00,2025-10-15 12:07:33,Eurasian Eagle-Owl,2025-10-15 12:07:33,0.3814470171928406,REVIEW,True,True,True,,,['eBird validation skipped (no API key); GBIF: Bubo bubo has no recorded occurrences in 50.0km radius for month 10 (last 10 years)'],0.5762894034385682,,0,0.5814470171928406
Eurasian Jay,Garrulus glandarius,44007.0,44010.0,0.468063622713089,Garrulus glandarius_Eurasian Jay,2,245AAA0563ED3DA7_20251014_000000.WAV,245AAA0563ED3DA7_20251014_000000,2025-10-14,00:00:00,2025-10-14 12:13:27,Eurasian Jay,2025-10-14 12:13:27,0.468063622713089,REVIEW,True,True,True,,,['eBird validation skipped (no API key); GBIF: Garrulus glandarius has no recorded occurrences in 50.0km radius for month 10 (last 10 years)'],0.5936127245426178,,0,0.6680636227130891
Eurasian Magpie,Pica pica,5073.0,5076.0,0.882946789264679,Pica pica_Eurasian Magpie,1,245AAA0563ED3DA7_20251013_113753.WAV,245AAA0563ED3DA7_20251013_113753,2025-10-13,11:37:53,2025-10-13 13:02:26,Eurasian Magpie,2025-10-13 13:02:26,0.882946789264679,REVIEW,True,True,True,,,['eBird validation skipped (no API key); GBIF: Pica pica has no recorded occurrences in 50.0km radius for month 10 (last 10 years)'],0.6765893578529358,,0,1.082946789264679
Eurasian Magpie,Pica pica,5055.0,5058.0,0.8151839971542358,Pica pica_Eurasian Magpie,1,245AAA0563ED3DA7_20251013_113753.WAV,245AAA0563ED3DA7_20251013_113753,2025-10-13,11:37:53,2025-10-13 13:02:08,Eurasian Magpie,2025-10-13 13:02:08,0.8151839971542358,REVIEW,True,True,True,,,['eBird validation skipped (no API key); GBIF: Pica pica has no recorded occurrences in 50.0km radius for month 10 (last 10 years)'],0.6630367994308471,,0,1.0151839971542358
Eurasian Magpie,Pica pica,5070.0,5073.0,0.8138465881347656,Pica pica_Eurasian Magpie,1,245AAA0563ED3DA7_20251013_113753.WAV,245AAA0563ED3DA7_20251013_113753,2025-10-13,11:37:53,2025-10-13 13:02:23,Eurasian Magpie,2025-10-13 13:02:23,0.8138465881347656,REVIEW,True,True,True,,,['eBird validation skipped (no API key); GBIF: Pica pica has no recorded occurrences in 50.0km radius for month 10 (last 10 years)'],0.6627693176269531,,0,1.0138465881347656
Eurasian Moorhen,Gallinula chloropus,2496.0,2499.0,0.542025625705719,Gallinula chloropus_Eurasian Moorhen,3,245AAA0563ED3DA7_20251014_122526.WAV,245AAA0563ED3DA7_20251014_122526,2025-10-14,12:25:26,2025-10-14 13:07:02,Eurasian Moorhen,2025-10-14 13:07:02,0.542025625705719,REVIEW,True,True,True,,,['eBird validation skipped (no API key); GBIF: Gallinula chloropus has no recorded occurrences in 50.0km radius for month 10 (last 10 years)'],0.6084051251411438,,0,0.7420256257057191
Eurasian Nutcracker,Nucifraga caryocatactes,22068.0,22071.0,0.8904567360877991,Nucifraga caryocatactes_Eurasian Nutcracker,2,245AAA0563ED3DA7_20251014_000000.WAV,245AAA0563ED3DA7_20251014_000000,2025-10-14,00:00:00,2025-10-14 06:07:48,Eurasian Nutcracker,2025-10-14 06:07:48,0.8904567360877991,REVIEW,True,True,True,,,['eBird validation skipped (no API key); GBIF: Nucifraga caryocatactes has no recorded occurrences in 50.0km radius for month 10 (last 10 years)'],0.6780913472175598,,0,1.090456736087799
Eurasian Nutcracker,Nucifraga caryocatactes,22071.0,22074.0,0.8346589803695679,Nucifraga caryocatactes_Eurasian Nutcracker,2,245AAA0563ED3DA7_20251014_000000.WAV,245AAA0563ED3DA7_20251014_000000,2025-10-14,00:00:00,2025-10-14 06:07:51,Eurasian Nutcracker,2025-10-14 06:07:51,0.8346589803695679,REVIEW,True,True,True,,,['eBird validation skipped (no API key); GBIF: Nucifraga caryocatactes has no recorded occurrences in 50.0km radius for month 10 (last 10 years)'],0.6669317960739136,,0,1.0346589803695678
Eurasian Nutcracker,Nucifraga caryocatactes,3831.0,3834.0,0.7486509680747986,Nucifraga caryocatactes_Eurasian Nutcracker,3,245AAA0563ED3DA7_20251014_122526.WAV,245AAA0563ED3DA7_20251014_122526,2025-10-14,12:25:26,2025-10-14 13:29:17,Eurasian Nutcracker,2025-10-14 13:29:17,0.7486509680747986,REVIEW,True,True,True,,,['eBird validation skipped (no API key); GBIF: Nucifraga caryocatactes has no recorded occurrences in 50.0km radius for month 10 (last 10 years)'],0.6497301936149598,,0,0.9486509680747987
Eurasian Oystercatcher,Haematopus ostralegus,12087.0,12090.0,0.6740541458129883,Haematopus ostralegus_Eurasian Oystercatcher,1,245AAA0563ED3DA7_20251013_113753.WAV,245AAA0563ED3DA7_20251013_113753,2025-10-13,11:37:53,2025-10-13 14:59:20,Eurasian Oystercatcher,2025-10-13 14:59:20,0.6740541458129883,REVIEW,True,True,True,,,['eBird validation skipped (no API key); GBIF: Haematopus ostralegus has no recorded occurrences in 50.0km radius for month 10 (last 10 years)'],0.6348108291625977,,0,0.8740541458129883
Eurasian Oystercatcher,Haematopus ostralegus,12093.0,12096.0,0.6397135853767395,Haematopus ostralegus_Eurasian Oystercatcher,1,245AAA0563ED3DA7_20251013_113753.WAV,245AAA0563ED3DA7_20251013_113753,2025-10-13,11:37:53,2025-10-13 14:59:26,Eurasian Oystercatcher,2025-10-13 14:59:26,0.6397135853767395,REVIEW,True,True,True,,,['eBird validation skipped (no API key); GBIF: Haematopus ostralegus has no recorded occurrences in 50.0km radius for month 10 (last 10 years)'],0.6279427170753479,,0,0.8397135853767396
Eurasian Pygmy-Owl,Glaucidium passerinum,10815.0,10818.0,0.6462499499320984,Glaucidium passerinum_Eurasian Pygmy-Owl,2,245AAA0563ED3DA7_20251014_000000.WAV,245AAA0563ED3DA7_20251014_000000,2025-10-14,00:00:00,2025-10-14 03:00:15,Eurasian Pygmy-Owl,2025-10-14 03:00:15,0.6462499499320984,REVIEW,True,True,True,,,['eBird validation skipped (no API key); GBIF: Glaucidium passerinum has no recorded occurrences in 50.0km radius for month 10 (last 10 years)'],0.6292499899864197,,0,0.8462499499320985
Eurasian Pygmy-Owl,Glaucidium passerinum,11226.0,11229.0,0.3332183957099914,Glaucidium passerinum_Eurasian Pygmy-Owl,2,245AAA0563ED3DA7_20251014_000000.WAV,245AAA0563ED3DA7_20251014_000000,2025-10-14,00:00:00,2025-10-14 03:07:06,Eurasian Pygmy-Owl,2025-10-14 03:07:06,0.3332183957099914,REVIEW,True,True,True,,,['eBird validation skipped (no API key); GBIF: Glaucidium passerinum has no recorded occurrences in 50.0km radius for month 10 (last 10 years)'],0.5666436791419983,,0,0.5332183957099914
Eurasian Pygmy-Owl,Glaucidium passerinum,7959.0,7962.0,0.2907812595367431,Glaucidium passerinum_Eurasian Pygmy-Owl,4,245AAA0563ED3DA7_20251015_000000.WAV,245AAA0563ED3DA7_20251015_000000,2025-10-15,00:00:00,2025-10-15 02:12:39,Eurasian Pygmy-Owl,2025-10-15 02:12:39,0.2907812595367431,REVIEW,True,True,True,,,['eBird validation skipped (no API key); GBIF: Glaucidium passerinum has no recorded occurrences in 50.0km radius for month 10 (last 10 years)'],0.5581562519073486,,0,0.4907812595367431
Eurasian Woodcock,Scolopax rusticola,31257.0,31260.0,0.9260644912719728,Scolopax rusticola_Eurasian Woodcock,2,245AAA0563ED3DA7_20251014_000000.WAV,245AAA0563ED3DA7_20251014_000000,2025-10-14,00:00:00,2025-10-14 08:40:57,Eurasian Woodcock,2025-10-14 08:40:57,0.9260644912719728,REVIEW,True,True,True,,,['eBird validation skipped (no API key); GBIF: Scolopax rusticola has no recorded occurrences in 50.0km radius for month 10 (last 10 years)'],0.6852128982543946,,0,1.1260644912719728
Eurasian Woodcock,Scolopax rusticola,37332.0,37335.0,0.8574357628822327,Scolopax rusticola_Eurasian Woodcock,1,245AAA0563ED3DA7_20251013_113753.WAV,245AAA0563ED3DA7_20251013_113753,2025-10-13,11:37:53,2025-10-13 22:00:05,Eurasian Woodcock,2025-10-13 22:00:05,0.8574357628822327,REVIEW,True,True,True,,,['eBird validation skipped (no API key); GBIF: Scolopax rusticola has no recorded occurrences in 50.0km radius for month 10 (last 10 years)'],0.6714871525764465,,0,1.0574357628822326
Eurasian Woodcock,Scolopax rusticola,26628.0,26631.0,0.8348615765571594,Scolopax rusticola_Eurasian Woodcock,2,245AAA0563ED3DA7_20251014_000000.WAV,245AAA0563ED3DA7_20251014_000000,2025-10-14,00:00:00,2025-10-14 07:23:48,Eurasian Woodcock,2025-10-14 07:23:48,0.8348615765571594,REVIEW,True,True,True,,,['eBird validation skipped (no API key); GBIF: Scolopax rusticola has no recorded occurrences in 50.0km radius for month 10 (last 10 years)'],0.6669723153114319,,0,1.0348615765571594
European Golden-Plover,Pluvialis apricaria,40905.0,40908.0,0.3028083741664886,Pluvialis apricaria_European Golden-Plover,4,245AAA0563ED3DA7_20251015_000000.WAV,245AAA0563ED3DA7_20251015_000000,2025-10-15,00:00:00,2025-10-15 11:21:45,European Golden-Plover,2025-10-15 11:21:45,0.3028083741664886,REVIEW,True,True,True,,,['eBird validation skipped (no API key); GBIF: Pluvialis apricaria has no recorded occurrences in 50.0km radius for month 10 (last 10 years)'],0.5605616748332978,,0,0.5028083741664886
European Greenfinch,Chloris chloris,31359.0,31362.0,0.7284049391746521,Chloris chloris_European Greenfinch,2,245AAA0563ED3DA7_20251014_000000.WAV,245AAA0563ED3DA7_20251014_000000,2025-10-14,00:00:00,2025-10-14 08:42:39,European Greenfinch,2025-10-14 08:42:39,0.7284049391746521,REVIEW,True,True,True,,,['eBird validation skipped (no API key); GBIF: Chloris chloris has no recorded occurrences in 50.0km radius for month 10 (last 10 years)'],0.6456809878349304,,0,0.9284049391746522
European Greenfinch,Chloris chloris,41781.0,41784.0,0.5273691415786743,Chloris chloris_European Greenfinch,2,245AAA0563ED3DA7_20251014_000000.WAV,245AAA0563ED3DA7_20251014_000000,2025-10-14,00:00:00,2025-10-14 11:36:21,European Greenfinch,2025-10-14 11:36:21,0.5273691415786743,REVIEW,True,True,True,,,['eBird validation skipped (no API key); GBIF: Chloris chloris has no recorded occurrences in 50.0km radius for month 10 (last 10 years)'],0.6054738283157348,,0,0.7273691415786744
European Greenfinch,Chloris chloris,31404.0,31407.0,0.4580133557319641,Chloris chloris_European Greenfinch,2,245AAA0563ED3DA7_20251014_000000.WAV,245AAA0563ED3DA7_20251014_000000,2025-10-14,00:00:00,2025-10-14 08:43:24,European Greenfinch,2025-10-14 08:43:24,0.4580133557319641,REVIEW,True,True,True,,,['eBird validation skipped (no API key); GBIF: Chloris chloris has no recorded occurrences in 50.0km radius for month 10 (last 10 years)'],0.5916026711463929,,0,0.6580133557319642
European Robin,Erithacus rubecula,32253.0,32256.0,0.5534208416938782,Erithacus rubecula_European Robin,2,245AAA0563ED3DA7_20251014_000000.WAV,245AAA0563ED3DA7_20251014_000000,2025-10-14,00:00:00,2025-10-14 08:57:33,European Robin,2025-10-14 08:57:33,0.5534208416938782,REVIEW,True,True,True,,,['eBird validation skipped (no API key); GBIF: Erithacus rubecula has no recorded occurrences in 50.0km radius for month 10 (last 10 years)'],0.6106841683387756,,0,0.7534208416938782
European Robin,Erithacus rubecula,31044.0,31047.0,0.3368979394435882,Erithacus rubecula_European Robin,2,245AAA0563ED3DA7_20251014_000000.WAV,245AAA0563ED3DA7_20251014_000000,2025-10-14,00:00:00,2025-10-14 08:37:24,European Robin,2025-10-14 08:37:24,0.3368979394435882,REVIEW,True,True,True,,,['eBird validation skipped (no API key); GBIF: Erithacus rubecula has no recorded occurrences in 50.0km radius for month 10 (last 10 years)'],0.5673795878887177,,0,0.5368979394435882
European Robin,Erithacus rubecula,27135.0,27138.0,0.3209533393383026,Erithacus rubecula_European Robin,2,245AAA0563ED3DA7_20251014_000000.WAV,245AAA0563ED3DA7_20251014_000000,2025-10-14,00:00:00,2025-10-14 07:32:15,European Robin,2025-10-14 07:32:15,0.3209533393383026,REVIEW,True,True,True,,,['eBird validation skipped (no API key); GBIF: Erithacus rubecula has no recorded occurrences in 50.0km radius for month 10 (last 10 years)'],0.5641906678676605,,0,0.5209533393383026
Fieldfare,Turdus pilaris,24174.0,24177.0,0.43946173787117,Turdus pilaris_Fieldfare,2,245AAA0563ED3DA7_20251014_000000.WAV,245AAA0563ED3DA7_20251014_000000,2025-10-14,00:00:00,2025-10-14 06:42:54,Fieldfare,2025-10-14 06:42:54,0.43946173787117,REVIEW,True,True,True,,,['eBird validation skipped (no API key); GBIF: Turdus pilaris has no recorded occurrences in 50.0km radius for month 10 (last 10 years)'],0.587892347574234,,0,0.6394617378711701
Gadwall,Mareca strepera,4725.0,4728.0,0.306615948677063,Mareca strepera_Gadwall,3,245AAA0563ED3DA7_20251014_122526.WAV,245AAA0563ED3DA7_20251014_122526,2025-10-14,12:25:26,2025-10-14 13:44:11,Gadwall,2025-10-14 13:44:11,0.306615948677063,REVIEW,True,True,True,,,['eBird validation skipped (no API key); GBIF: Mareca strepera has no recorded occurrences in 50.0km radius for month 10 (last 10 years)'],0.5613231897354126,,0,0.5066159486770629
Gadwall,Mareca strepera,16542.0,16545.0,0.3028966784477234,Mareca strepera_Gadwall,2,245AAA0563ED3DA7_20251014_000000.WAV,245AAA0563ED3DA7_20251014_000000,2025-10-14,00:00:00,2025-10-14 04:35:42,Gadwall,2025-10-14 04:35:42,0.3028966784477234,REVIEW,True,True,True,,,['eBird validation skipped (no API key); GBIF: Mareca strepera has no recorded occurrences in 50.0km radius for month 10 (last 10 years)'],0.5605793356895447,,0,0.5028966784477233
Gray Heron,Ardea cinerea,28485.0,28488.0,0.9886121153831482,Ardea cinerea_Gray Heron,3,245AAA0563ED3DA7_20251014_122526.WAV,245AAA0563ED3DA7_20251014_122526,2025-10-14,12:25:26,2025-10-14 20:20:11,Gray Heron,2025-10-14 20:20:11,0.9886121153831482,REVIEW,True,True,True,,,['eBird validation skipped (no API key); GBIF: Ardea cinerea has no recorded occurrences in 50.0km radius for month 10 (last 10 years)'],0.6977224230766297,,0,1.1886121153831484
Gray Heron,Ardea cinerea,23025.0,23028.0,0.8585882186889648,Ardea cinerea_Gray Heron,3,245AAA0563ED3DA7_20251014_122526.WAV,245AAA0563ED3DA7_20251014_122526,2025-10-14,12:25:26,2025-10-14 18:49:11,Gray Heron,2025-10-14 18:49:11,0.8585882186889648,REVIEW,True,True,True,,,['eBird validation skipped (no API key); GBIF: Ardea cinerea has no recorded occurrences in 50.0km radius for month 10 (last 10 years)'],0.671717643737793,,0,1.0585882186889648
Gray Heron,Ardea cinerea,23028.0,23031.0,0.7210857272148132,Ardea cinerea_Gray Heron,3,245AAA0563ED3DA7_20251014_122526.WAV,245AAA0563ED3DA7_20251014_122526,2025-10-14,12:25:26,2025-10-14 18:49:14,Gray Heron,2025-10-14 18:49:14,0.7210857272148132,REVIEW,True,True,True,,,['eBird validation skipped (no API key); GBIF: Ardea cinerea has no recorded occurrences in 50.0km radius for month 10 (last 10 years)'],0.6442171454429626,,0,0.9210857272148133
Gray Partridge,Perdix perdix,2532.0,2535.0,0.4978450238704681,Perdix perdix_Gray Partridge,3,245AAA0563ED3DA7_20251014_122526.WAV,245AAA0563ED3DA7_20251014_122526,2025-10-14,12:25:26,2025-10-14 13:07:38,Gray Partridge,2025-10-14 13:07:38,0.4978450238704681,REVIEW,True,True,True,,,['eBird validation skipped (no API key); GBIF: Perdix perdix has no recorded occurrences in 50.0km radius for month 10 (last 10 years)'],0.5995690047740936,,0,0.6978450238704682
Gray Partridge,Perdix perdix,174.0,177.0,0.2850604057312011,Perdix perdix_Gray Partridge,3,245AAA0563ED3DA7_20251014_122526.WAV,245AAA0563ED3DA7_20251014_122526,2025-10-14,12:25:26,2025-10-14 12:28:20,Gray Partridge,2025-10-14 12:28:20,0.2850604057312011,REVIEW,True,True,True,,,['eBird validation skipped (no API key); GBIF: Perdix perdix has no recorded occurrences in 50.0km radius for month 10 (last 10 years)'],0.5570120811462402,,0,0.4850604057312011
Gray Partridge,Perdix perdix,43638.0,43641.0,0.2660572528839111,Perdix perdix_Gray Partridge,2,245AAA0563ED3DA7_20251014_000000.WAV,245AAA0563ED3DA7_20251014_000000,2025-10-14,00:00:00,2025-10-14 12:07:18,Gray Partridge,2025-10-14 12:07:18,0.2660572528839111,REVIEW,True,True,True,,,['eBird validation skipped (no API key); GBIF: Perdix perdix has no recorded occurrences in 50.0km radius for month 10 (last 10 years)'],0.5532114505767822,,0,0.4660572528839111
Gray Wagtail,Motacilla cinerea,27846.0,27849.0,0.6414146423339844,Motacilla cinerea_Gray Wagtail,2,245AAA0563ED3DA7_20251014_000000.WAV,245AAA0563ED3DA7_20251014_000000,2025-10-14,00:00:00,2025-10-14 07:44:06,Gray Wagtail,2025-10-14 07:44:06,0.6414146423339844,REVIEW,True,True,True,,,['eBird validation skipped (no API key); GBIF: Motacilla cinerea has no recorded occurrences in 50.0km radius for month 10 (last 10 years)'],0.6282829284667969,,0,0.8414146423339844
Gray Wagtail,Motacilla cinerea,25827.0,25830.0,0.5099639296531677,Motacilla cinerea_Gray Wagtail,2,245AAA0563ED3DA7_20251014_000000.WAV,245AAA0563ED3DA7_20251014_000000,2025-10-14,00:00:00,2025-10-14 07:10:27,Gray Wagtail,2025-10-14 07:10:27,0.5099639296531677,REVIEW,True,True,True,,,['eBird validation skipped (no API key); GBIF: Motacilla cinerea has no recorded occurrences in 50.0km radius for month 10 (last 10 years)'],0.6019927859306335,,0,0.7099639296531678
Gray Wagtail,Motacilla cinerea,27828.0,27831.0,0.3610321283340454,Motacilla cinerea_Gray Wagtail,2,245AAA0563ED3DA7_20251014_000000.WAV,245AAA0563ED3DA7_20251014_000000,2025-10-14,00:00:00,2025-10-14 07:43:48,Gray Wagtail,2025-10-14 07:43:48,0.3610321283340454,REVIEW,True,True,True,,,['eBird validation skipped (no API key); GBIF: Motacilla cinerea has no recorded occurrences in 50.0km radius for month 10 (last 10 years)'],0.5722064256668091,,0,0.5610321283340455
Graylag Goose,Anser anser,19590.0,19593.0,0.6997051239013672,Anser anser_Graylag Goose,1,245AAA0563ED3DA7_20251013_113753.WAV,245AAA0563ED3DA7_20251013_113753,2025-10-13,11:37:53,2025-10-13 17:04:23,Graylag Goose,2025-10-13 17:04:23,0.6997051239013672,REVIEW,True,True,True,,,['eBird validation skipped (no API key); GBIF: Anser anser has no recorded occurrences in 50.0km radius for month 10 (last 10 years)'],0.7749410247802735,,0,0.8997051239013673
Graylag Goose,Anser anser,34965.0,34968.0,0.6996924877166748,Anser anser_Graylag Goose,4,245AAA0563ED3DA7_20251015_000000.WAV,245AAA0563ED3DA7_20251015_000000,2025-10-15,00:00:00,2025-10-15 09:42:45,Graylag Goose,2025-10-15 09:42:45,0.6996924877166748,REVIEW,True,True,True,,,['eBird validation skipped (no API key); GBIF: Anser anser has no recorded occurrences in 50.0km radius for month 10 (last 10 years)'],0.7749384975433349,,0,0.8996924877166749
Graylag Goose,Anser anser,17142.0,17145.0,0.6995812058448792,Anser anser_Graylag Goose,1,245AAA0563ED3DA7_20251013_113753.WAV,245AAA0563ED3DA7_20251013_113753,2025-10-13,11:37:53,2025-10-13 16:23:35,Graylag Goose,2025-10-13 16:23:35,0.6995812058448792,REVIEW,True,True,True,,,['eBird validation skipped (no API key); GBIF: Anser anser has no recorded occurrences in 50.0km radius for month 10 (last 10 years)'],0.7749162411689758,,0,0.8995812058448792
Great Bittern,Botaurus stellaris,41910.0,41913.0,0.9132727980613708,Botaurus stellaris_Great Bittern,2,245AAA0563ED3DA7_20251014_000000.WAV,245AAA0563ED3DA7_20251014_000000,2025-10-14,00:00:00,2025-10-14 11:38:30,Great Bittern,2025-10-14 11:38:30,0.9132727980613708,REVIEW,True,True,True,,,['eBird validation skipped (no API key); GBIF: Botaurus stellaris has no recorded occurrences in 50.0km radius for month 10 (last 10 years)'],0.6826545596122742,,0,1.113272798061371
Great Bittern,Botaurus stellaris,42150.0,42153.0,0.904094934463501,Botaurus stellaris_Great Bittern,2,245AAA0563ED3DA7_20251014_000000.WAV,245AAA0563ED3DA7_20251014_000000,2025-10-14,00:00:00,2025-10-14 11:42:30,Great Bittern,2025-10-14 11:42:30,0.904094934463501,REVIEW,True,True,True,,,['eBird validation skipped (no API key); GBIF: Botaurus stellaris has no recorded occurrences in 50.0km radius for month 10 (last 10 years)'],0.6808189868927002,,0,1.1040949344635012
Great Bittern,Botaurus stellaris,3315.0,3318.0,0.8731499910354614,Botaurus stellaris_Great Bittern,3,245AAA0563ED3DA7_20251014_122526.WAV,245AAA0563ED3DA7_20251014_122526,2025-10-14,12:25:26,2025-10-14 13:20:41,Great Bittern,2025-10-14 13:20:41,0.8731499910354614,REVIEW,True,True,True,,,['eBird validation skipped (no API key); GBIF: Botaurus stellaris has no recorded occurrences in 50.0km radius for month 10 (last 10 years)'],0.6746299982070922,,0,1.0731499910354614
Great Black-backed Gull,Larus marinus,34350.0,34353.0,0.2650857865810394,Larus marinus_Great Black-backed Gull,4,245AAA0563ED3DA7_20251015_000000.WAV,245AAA0563ED3DA7_20251015_000000,2025-10-15,00:00:00,2025-10-15 09:32:30,Great Black-backed Gull,2025-10-15 09:32:30,0.2650857865810394,REVIEW,True,True,True,,,['eBird validation skipped (no API key); GBIF: Larus marinus has no recorded occurrences in 50.0km radius for month 10 (last 10 years)'],0.5530171573162079,,0,0.4650857865810394
Great Gray Shrike,Lanius excubitor,23088.0,23091.0,0.4330466091632843,Lanius excubitor_Great Gray Shrike,2,245AAA0563ED3DA7_20251014_000000.WAV,245AAA0563ED3DA7_20251014_000000,2025-10-14,00:00:00,2025-10-14 06:24:48,Great Gray Shrike,2025-10-14 06:24:48,0.4330466091632843,REVIEW,True,True,True,,,['eBird validation skipped (no API key); GBIF: Lanius excubitor has no recorded occurrences in 50.0km radius for month 10 (last 10 years)'],0.5866093218326569,,0,0.6330466091632844
Great Snipe,Gallinago media,43083.0,43086.0,0.6860845685005188,Gallinago media_Great Snipe,1,245AAA0563ED3DA7_20251013_113753.WAV,245AAA0563ED3DA7_20251013_113753,2025-10-13,11:37:53,2025-10-13 23:35:56,Great Snipe,2025-10-13 23:35:56,0.6860845685005188,REVIEW,True,True,True,,,['eBird validation skipped (no API key); GBIF: Gallinago media has no recorded occurrences in 50.0km radius for month 10 (last 10 years)'],0.7722169137001038,,0,0.8860845685005189
Great Snipe,Gallinago media,30417.0,30420.0,0.6776683926582336,Gallinago media_Great Snipe,1,245AAA0563ED3DA7_20251013_113753.WAV,245AAA0563ED3DA7_20251013_113753,2025-10-13,11:37:53,2025-10-13 20:04:50,Great Snipe,2025-10-13 20:04:50,0.6776683926582336,REVIEW,True,True,True,,,['eBird validation skipped (no API key); GBIF: Gallinago media has no recorded occurrences in 50.0km radius for month 10 (last 10 years)'],0.7705336785316468,,0,0.8776683926582337
Great Snipe,Gallinago media,32445.0,32448.0,0.6684545278549194,Gallinago media_Great Snipe,1,245AAA0563ED3DA7_20251013_113753.WAV,245AAA0563ED3DA7_20251013_113753,2025-10-13,11:37:53,2025-10-13 20:38:38,Great Snipe,2025-10-13 20:38:38,0.6684545278549194,REVIEW,True,True,True,,,['eBird validation skipped (no API key); GBIF: Gallinago media has no recorded occurrences in 50.0km radius for month 10 (last 10 years)'],0.7686909055709839,,0,0.8684545278549195
Greater White-fronted Goose,Anser albifrons,13698.0,13701.0,0.7362827658653259,Anser albifrons_Greater White-fronted Goose,1,245AAA0563ED3DA7_20251013_113753.WAV,245AAA0563ED3DA7_20251013_113753,2025-10-13,11:37:53,2025-10-13 15:26:11,Greater White-fronted Goose,2025-10-13 15:26:11,0.7362827658653259,REVIEW,True,True,True,,,['eBird validation skipped (no API key); GBIF: Anser albifrons has no recorded occurrences in 50.0km radius for month 10 (last 10 years)'],0.6472565531730652,,0,0.936282765865326
Greater White-fronted Goose,Anser albifrons,11979.0,11982.0,0.7327070832252502,Anser albifrons_Greater White-fronted Goose,1,245AAA0563ED3DA7_20251013_113753.WAV,245AAA0563ED3DA7_20251013_113753,2025-10-13,11:37:53,2025-10-13 14:57:32,Greater White-fronted Goose,2025-10-13 14:57:32,0.7327070832252502,REVIEW,True,True,True,,,['eBird validation skipped (no API key); GBIF: Anser albifrons has no recorded occurrences in 50.0km radius for month 10 (last 10 years)'],0.64654141664505,,0,0.9327070832252503
Greater White-fronted Goose,Anser albifrons,17742.0,17745.0,0.7167202830314636,Anser albifrons_Greater White-fronted Goose,3,245AAA0563ED3DA7_20251014_122526.WAV,245AAA0563ED3DA7_20251014_122526,2025-10-14,12:25:26,2025-10-14 17:21:08,Greater White-fronted Goose,2025-10-14 17:21:08,0.7167202830314636,REVIEW,True,True,True,,,['eBird validation skipped (no API key); GBIF: Anser albifrons has no recorded occurrences in 50.0km radius for month 10 (last 10 years)'],0.6433440566062927,,0,0.9167202830314637
Herring Gull,Larus argentatus,40422.0,40425.0,0.5044676661491394,Larus argentatus_Herring Gull,4,245AAA0563ED3DA7_20251015_000000.WAV,245AAA0563ED3DA7_20251015_000000,2025-10-15,00:00:00,2025-10-15 11:13:42,Herring Gull,2025-10-15 11:13:42,0.5044676661491394,REVIEW,True,True,True,,,['eBird validation skipped (no API key); GBIF: Larus argentatus has no recorded occurrences in 50.0km radius for month 10 (last 10 years)'],0.6008935332298279,,0,0.7044676661491395
Herring Gull,Larus argentatus,5124.0,5127.0,0.2844966948032379,Larus argentatus_Herring Gull,3,245AAA0563ED3DA7_20251014_122526.WAV,245AAA0563ED3DA7_20251014_122526,2025-10-14,12:25:26,2025-10-14 13:50:50,Herring Gull,2025-10-14 13:50:50,0.2844966948032379,REVIEW,True,True,True,,,['eBird validation skipped (no API key); GBIF: Larus argentatus has no recorded occurrences in 50.0km radius for month 10 (last 10 years)'],0.5568993389606476,,0,0.48449669480323787
Hooded Crow,Corvus cornix,2985.0,2988.0,0.6602064371109009,Corvus cornix_Hooded Crow,1,245AAA0563ED3DA7_20251013_113753.WAV,245AAA0563ED3DA7_20251013_113753,2025-10-13,11:37:53,2025-10-13 12:27:38,Hooded Crow,2025-10-13 12:27:38,0.6602064371109009,REVIEW,True,True,True,,,['eBird validation skipped (no API key); GBIF: Corvus cornix has no recorded occurrences in 50.0km radius for month 10 (last 10 years)'],0.6920412874221802,,0,0.860206437110901
Hooded Crow,Corvus cornix,6231.0,6234.0,0.6396421790122986,Corvus cornix_Hooded Crow,1,245AAA0563ED3DA7_20251013_113753.WAV,245AAA0563ED3DA7_20251013_113753,2025-10-13,11:37:53,2025-10-13 13:21:44,Hooded Crow,2025-10-13 13:21:44,0.6396421790122986,REVIEW,True,True,True,,,['eBird validation skipped (no API key); GBIF: Corvus cornix has no recorded occurrences in 50.0km radius for month 10 (last 10 years)'],0.6879284358024598,,0,0.8396421790122987
Hooded Crow,Corvus cornix,43116.0,43119.0,0.6132782697677612,Corvus cornix_Hooded Crow,4,245AAA0563ED3DA7_20251015_000000.WAV,245AAA0563ED3DA7_20251015_000000,2025-10-15,00:00:00,2025-10-15 11:58:36,Hooded Crow,2025-10-15 11:58:36,0.6132782697677612,REVIEW,True,True,True,,,['eBird validation skipped (no API key); GBIF: Corvus cornix has no recorded occurrences in 50.0km radius for month 10 (last 10 years)'],0.6826556539535522,,0,0.8132782697677613
Lapland Longspur,Calcarius lapponicus,42906.0,42909.0,0.4524809122085571,Calcarius lapponicus_Lapland Longspur,4,245AAA0563ED3DA7_20251015_000000.WAV,245AAA0563ED3DA7_20251015_000000,2025-10-15,00:00:00,2025-10-15 11:55:06,Lapland Longspur,2025-10-15 11:55:06,0.4524809122085571,REVIEW,True,True,True,,,['eBird validation skipped (no API key); GBIF: Calcarius lapponicus has no recorded occurrences in 50.0km radius for month 10 (last 10 years)'],0.5904961824417114,,0,0.6524809122085572
Lapland Longspur,Calcarius lapponicus,42750.0,42753.0,0.3461871445178985,Calcarius lapponicus_Lapland Longspur,2,245AAA0563ED3DA7_20251014_000000.WAV,245AAA0563ED3DA7_20251014_000000,2025-10-14,00:00:00,2025-10-14 11:52:30,Lapland Longspur,2025-10-14 11:52:30,0.3461871445178985,REVIEW,True,True,True,,,['eBird validation skipped (no API key); GBIF: Calcarius lapponicus has no recorded occurrences in 50.0km radius for month 10 (last 10 years)'],0.5692374289035798,,0,0.5461871445178985
Lapland Longspur,Calcarius lapponicus,3216.0,3219.0,0.3392740488052368,Calcarius lapponicus_Lapland Longspur,3,245AAA0563ED3DA7_20251014_122526.WAV,245AAA0563ED3DA7_20251014_122526,2025-10-14,12:25:26,2025-10-14 13:19:02,Lapland Longspur,2025-10-14 13:19:02,0.3392740488052368,REVIEW,True,True,True,,,['eBird validation skipped (no API key); GBIF: Calcarius lapponicus has no recorded occurrences in 50.0km radius for month 10 (last 10 years)'],0.5678548097610474,,0,0.5392740488052368
Little Bunting,Emberiza pusilla,28917.0,28920.0,0.5060760378837585,Emberiza pusilla_Little Bunting,2,245AAA0563ED3DA7_20251014_000000.WAV,245AAA0563ED3DA7_20251014_000000,2025-10-14,00:00:00,2025-10-14 08:01:57,Little Bunting,2025-10-14 08:01:57,0.5060760378837585,REVIEW,True,True,True,,,['eBird validation skipped (no API key); GBIF: Emberiza pusilla has no recorded occurrences in 50.0km radius for month 10 (last 10 years)'],0.6012152075767517,,0,0.7060760378837586
Little Bunting,Emberiza pusilla,28290.0,28293.0,0.4378376305103302,Emberiza pusilla_Little Bunting,2,245AAA0563ED3DA7_20251014_000000.WAV,245AAA0563ED3DA7_20251014_000000,2025-10-14,00:00:00,2025-10-14 07:51:30,Little Bunting,2025-10-14 07:51:30,0.4378376305103302,REVIEW,True,True,True,,,['eBird validation skipped (no API key); GBIF: Emberiza pusilla has no recorded occurrences in 50.0km radius for month 10 (last 10 years)'],0.5875675261020661,,0,0.6378376305103303
Little Bunting,Emberiza pusilla,34950.0,34953.0,0.4120310544967651,Emberiza pusilla_Little Bunting,4,245AAA0563ED3DA7_20251015_000000.WAV,245AAA0563ED3DA7_20251015_000000,2025-10-15,00:00:00,2025-10-15 09:42:30,Little Bunting,2025-10-15 09:42:30,0.4120310544967651,REVIEW,True,True,True,,,['eBird validation skipped (no API key); GBIF: Emberiza pusilla has no recorded occurrences in 50.0km radius for month 10 (last 10 years)'],0.5824062108993531,,0,0.6120310544967652
Mallard,Anas platyrhynchos,19209.0,19212.0,0.6779489517211914,Anas platyrhynchos_Mallard,1,245AAA0563ED3DA7_20251013_113753.WAV,245AAA0563ED3DA7_20251013_113753,2025-10-13,11:37:53,2025-10-13 16:58:02,Mallard,2025-10-13 16:58:02,0.6779489517211914,REVIEW,True,True,True,,,['eBird validation skipped (no API key); GBIF: Anas platyrhynchos has no recorded occurrences in 50.0km radius for month 10 (last 10 years)'],0.7855897903442383,,0,0.8779489517211915
Mallard,Anas platyrhynchos,4806.0,4809.0,0.6058814525604248,Anas platyrhynchos_Mallard,3,245AAA0563ED3DA7_20251014_122526.WAV,245AAA0563ED3DA7_20251014_122526,2025-10-14,12:25:26,2025-10-14 13:45:32,Mallard,2025-10-14 13:45:32,0.6058814525604248,REVIEW,True,True,True,,,['eBird validation skipped (no API key); GBIF: Anas platyrhynchos has no recorded occurrences in 50.0km radius for month 10 (last 10 years)'],0.7711762905120849,,0,0.8058814525604249
Mallard,Anas platyrhynchos,14643.0,14646.0,0.5967363715171814,Anas platyrhynchos_Mallard,2,245AAA0563ED3DA7_20251014_000000.WAV,245AAA0563ED3DA7_20251014_000000,2025-10-14,00:00:00,2025-10-14 04:04:03,Mallard,2025-10-14 04:04:03,0.5967363715171814,REVIEW,True,True,True,,,['eBird validation skipped (no API key); GBIF: Anas platyrhynchos has no recorded occurrences in 50.0km radius for month 10 (last 10 years)'],0.7693472743034363,,0,0.7967363715171815
Meadow Pipit,Anthus pratensis,40425.0,40428.0,0.7172338366508484,Anthus pratensis_Meadow Pipit,2,245AAA0563ED3DA7_20251014_000000.WAV,245AAA0563ED3DA7_20251014_000000,2025-10-14,00:00:00,2025-10-14 11:13:45,Meadow Pipit,2025-10-14 11:13:45,0.7172338366508484,REVIEW,True,True,True,,,['eBird validation skipped (no API key); GBIF: Anthus pratensis has no recorded occurrences in 50.0km radius for month 10 (last 10 years)'],0.6434467673301697,,0,0.9172338366508485
Meadow Pipit,Anthus pratensis,40479.0,40482.0,0.4595315456390381,Anthus pratensis_Meadow Pipit,2,245AAA0563ED3DA7_20251014_000000.WAV,245AAA0563ED3DA7_20251014_000000,2025-10-14,00:00:00,2025-10-14 11:14:39,Meadow Pipit,2025-10-14 11:14:39,0.4595315456390381,REVIEW,True,True,True,,,['eBird validation skipped (no API key); GBIF: Anthus pratensis has no recorded occurrences in 50.0km radius for month 10 (last 10 years)'],0.5919063091278076,,0,0.6595315456390382
Meadow Pipit,Anthus pratensis,40464.0,40467.0,0.424469530582428,Anthus pratensis_Meadow Pipit,2,245AAA0563ED3DA7_20251014_000000.WAV,245AAA0563ED3DA7_20251014_000000,2025-10-14,00:00:00,2025-10-14 11:14:24,Meadow Pipit,2025-10-14 11:14:24,0.424469530582428,REVIEW,True,True,True,,,['eBird validation skipped (no API key); GBIF: Anthus pratensis has no recorded occurrences in 50.0km radius for month 10 (last 10 years)'],0.5848939061164856,,0,0.624469530582428
Mistle Thrush,Turdus viscivorus,24924.0,24927.0,0.4820084571838379,Turdus viscivorus_Mistle Thrush,2,245AAA0563ED3DA7_20251014_000000.WAV,245AAA0563ED3DA7_20251014_000000,2025-10-14,00:00:00,2025-10-14 06:55:24,Mistle Thrush,2025-10-14 06:55:24,0.4820084571838379,REVIEW,True,True,True,,,['eBird validation skipped (no API key); GBIF: Turdus viscivorus has no recorded occurrences in 50.0km radius for month 10 (last 10 years)'],0.5964016914367676,,0,0.682008457183838
Mistle Thrush,Turdus viscivorus,16479.0,16482.0,0.474910706281662,Turdus viscivorus_Mistle Thrush,2,245AAA0563ED3DA7_20251014_000000.WAV,245AAA0563ED3DA7_20251014_000000,2025-10-14,00:00:00,2025-10-14 04:34:39,Mistle Thrush,2025-10-14 04:34:39,0.474910706281662,REVIEW,True,True,True,,,['eBird validation skipped (no API key); GBIF: Turdus viscivorus has no recorded occurrences in 50.0km radius for month 10 (last 10 years)'],0.5949821412563324,,0,0.674910706281662
Mistle Thrush,Turdus viscivorus,14013.0,14016.0,0.3637496531009674,Turdus viscivorus_Mistle Thrush,2,245AAA0563ED3DA7_20251014_000000.WAV,245AAA0563ED3DA7_20251014_000000,2025-10-14,00:00:00,2025-10-14 03:53:33,Mistle Thrush,2025-10-14 03:53:33,0.3637496531009674,REVIEW,True,True,True,,,['eBird validation skipped (no API key); GBIF: Turdus viscivorus has no recorded occurrences in 50.0km radius for month 10 (last 10 years)'],0.5727499306201935,,0,0.5637496531009675
Northern Lapwing,Vanellus vanellus,5760.0,5763.0,0.6621115207672119,Vanellus vanellus_Northern Lapwing,3,245AAA0563ED3DA7_20251014_122526.WAV,245AAA0563ED3DA7_20251014_122526,2025-10-14,12:25:26,2025-10-14 14:01:26,Northern Lapwing,2025-10-14 14:01:26,0.6621115207672119,REVIEW,True,True,True,,,['eBird validation skipped (no API key); GBIF: Vanellus vanellus has no recorded occurrences in 50.0km radius for month 10 (last 10 years)'],0.6324223041534424,,0,0.862111520767212
Northern Lapwing,Vanellus vanellus,8799.0,8802.0,0.4987939596176147,Vanellus vanellus_Northern Lapwing,2,245AAA0563ED3DA7_20251014_000000.WAV,245AAA0563ED3DA7_20251014_000000,2025-10-14,00:00:00,2025-10-14 02:26:39,Northern Lapwing,2025-10-14 02:26:39,0.4987939596176147,REVIEW,True,True,True,,,['eBird validation skipped (no API key); GBIF: Vanellus vanellus has no recorded occurrences in 50.0km radius for month 10 (last 10 years)'],0.599758791923523,,0,0.6987939596176148
Northern Lapwing,Vanellus vanellus,19443.0,19446.0,0.4841529428958893,Vanellus vanellus_Northern Lapwing,2,245AAA0563ED3DA7_20251014_000000.WAV,245AAA0563ED3DA7_20251014_000000,2025-10-14,00:00:00,2025-10-14 05:24:03,Northern Lapwing,2025-10-14 05:24:03,0.4841529428958893,REVIEW,True,True,True,,,['eBird validation skipped (no API key); GBIF: Vanellus vanellus has no recorded occurrences in 50.0km radius for month 10 (last 10 years)'],0.5968305885791778,,0,0.6841529428958893
Ortolan Bunting,Emberiza hortulana,4389.0,4392.0,0.3355682790279388,Emberiza hortulana_Ortolan Bunting,3,245AAA0563ED3DA7_20251014_122526.WAV,245AAA0563ED3DA7_20251014_122526,2025-10-14,12:25:26,2025-10-14 13:38:35,Ortolan Bunting,2025-10-14 13:38:35,0.3355682790279388,REVIEW,True,True,True,,,['eBird validation skipped (no API key); GBIF: Emberiza hortulana has no recorded occurrences in 50.0km radius for month 10 (last 10 years)'],0.5671136558055878,,0,0.5355682790279388
Ortolan Bunting,Emberiza hortulana,33510.0,33513.0,0.2784981727600097,Emberiza hortulana_Ortolan Bunting,2,245AAA0563ED3DA7_20251014_000000.WAV,245AAA0563ED3DA7_20251014_000000,2025-10-14,00:00:00,2025-10-14 09:18:30,Ortolan Bunting,2025-10-14 09:18:30,0.2784981727600097,REVIEW,True,True,True,,,['eBird validation skipped (no API key); GBIF: Emberiza hortulana has no recorded occurrences in 50.0km radius for month 10 (last 10 years)'],0.555699634552002,,0,0.4784981727600097
Pine Grosbeak,Pinicola enucleator,43296.0,43299.0,0.8252786993980408,Pinicola enucleator_Pine Grosbeak,2,245AAA0563ED3DA7_20251014_000000.WAV,245AAA0563ED3DA7_20251014_000000,2025-10-14,00:00:00,2025-10-14 12:01:36,Pine Grosbeak,2025-10-14 12:01:36,0.8252786993980408,REVIEW,True,True,True,,,['eBird validation skipped (no API key); GBIF: Pinicola enucleator has no recorded occurrences in 50.0km radius for month 10 (last 10 years)'],0.6650557398796082,,0,1.0252786993980407
Pink-footed Goose,Anser brachyrhynchus,43476.0,43479.0,0.6990679502487183,Anser brachyrhynchus_Pink-footed Goose,2,245AAA0563ED3DA7_20251014_000000.WAV,245AAA0563ED3DA7_20251014_000000,2025-10-14,00:00:00,2025-10-14 12:04:36,Pink-footed Goose,2025-10-14 12:04:36,0.6990679502487183,REVIEW,True,True,True,,,['eBird validation skipped (no API key); GBIF: Anser brachyrhynchus has no recorded occurrences in 50.0km radius for month 10 (last 10 years)'],0.7748135900497437,,0,0.8990679502487183
Pink-footed Goose,Anser brachyrhynchus,10605.0,10608.0,0.687545657157898,Anser brachyrhynchus_Pink-footed Goose,1,245AAA0563ED3DA7_20251013_113753.WAV,245AAA0563ED3DA7_20251013_113753,2025-10-13,11:37:53,2025-10-13 14:34:38,Pink-footed Goose,2025-10-13 14:34:38,0.687545657157898,REVIEW,True,True,True,,,['eBird validation skipped (no API key); GBIF: Anser brachyrhynchus has no recorded occurrences in 50.0km radius for month 10 (last 10 years)'],0.7725091314315795,,0,0.887545657157898
Pink-footed Goose,Anser brachyrhynchus,7947.0,7950.0,0.6827590465545654,Anser brachyrhynchus_Pink-footed Goose,2,245AAA0563ED3DA7_20251014_000000.WAV,245AAA0563ED3DA7_20251014_000000,2025-10-14,00:00:00,2025-10-14 02:12:27,Pink-footed Goose,2025-10-14 02:12:27,0.6827590465545654,REVIEW,True,True,True,,,['eBird validation skipped (no API key); GBIF: Anser brachyrhynchus has no recorded occurrences in 50.0km radius for month 10 (last 10 years)'],0.771551809310913,,0,0.8827590465545655
Red Crossbill,Loxia curvirostra,28365.0,28368.0,0.2794416844844818,Loxia curvirostra_Red Crossbill,1,245AAA0563ED3DA7_20251013_113753.WAV,245AAA0563ED3DA7_20251013_113753,2025-10-13,11:37:53,2025-10-13 19:30:38,Red Crossbill,2025-10-13 19:30:38,0.2794416844844818,REVIEW,True,True,True,,,['eBird validation skipped (no API key); GBIF: Loxia curvirostra has no recorded occurrences in 50.0km radius for month 10 (last 10 years)'],0.5558883368968963,,0,0.47944168448448177
Red-breasted Flycatcher,Ficedula parva,28923.0,28926.0,0.901174008846283,Ficedula parva_Red-breasted Flycatcher,2,245AAA0563ED3DA7_20251014_000000.WAV,245AAA0563ED3DA7_20251014_000000,2025-10-14,00:00:00,2025-10-14 08:02:03,Red-breasted Flycatcher,2025-10-14 08:02:03,0.901174008846283,REVIEW,True,True,True,,,['eBird validation skipped (no API key); GBIF: Ficedula parva has no recorded occurrences in 50.0km radius for month 10 (last 10 years)'],0.6802348017692565,,0,1.1011740088462831
Red-breasted Flycatcher,Ficedula parva,31047.0,31050.0,0.8591063022613525,Ficedula parva_Red-breasted Flycatcher,2,245AAA0563ED3DA7_20251014_000000.WAV,245AAA0563ED3DA7_20251014_000000,2025-10-14,00:00:00,2025-10-14 08:37:27,Red-breasted Flycatcher,2025-10-14 08:37:27,0.8591063022613525,REVIEW,True,True,True,,,['eBird validation skipped (no API key); GBIF: Ficedula parva has no recorded occurrences in 50.0km radius for month 10 (last 10 years)'],0.6718212604522705,,0,1.0591063022613525
Red-breasted Flycatcher,Ficedula parva,32616.0,32619.0,0.7959309816360474,Ficedula parva_Red-breasted Flycatcher,2,245AAA0563ED3DA7_20251014_000000.WAV,245AAA0563ED3DA7_20251014_000000,2025-10-14,00:00:00,2025-10-14 09:03:36,Red-breasted Flycatcher,2025-10-14 09:03:36,0.7959309816360474,REVIEW,True,True,True,,,['eBird validation skipped (no API key); GBIF: Ficedula parva has no recorded occurrences in 50.0km radius for month 10 (last 10 years)'],0.6591861963272094,,0,0.9959309816360474
Red-throated Loon,Gavia stellata,27099.0,27102.0,0.3042365610599518,Gavia stellata_Red-throated Loon,4,245AAA0563ED3DA7_20251015_000000.WAV,245AAA0563ED3DA7_20251015_000000,2025-10-15,00:00:00,2025-10-15 07:31:39,Red-throated Loon,2025-10-15 07:31:39,0.3042365610599518,REVIEW,True,True,True,,,['eBird validation skipped (no API key); GBIF: Gavia stellata has no recorded occurrences in 50.0km radius for month 10 (last 10 years)'],0.5608473122119904,,0,0.5042365610599517
Red-throated Loon,Gavia stellata,19092.0,19095.0,0.2744471132755279,Gavia stellata_Red-throated Loon,2,245AAA0563ED3DA7_20251014_000000.WAV,245AAA0563ED3DA7_20251014_000000,2025-10-14,00:00:00,2025-10-14 05:18:12,Red-throated Loon,2025-10-14 05:18:12,0.2744471132755279,REVIEW,True,True,True,,,['eBird validation skipped (no API key); GBIF: Gavia stellata has no recorded occurrences in 50.0km radius for month 10 (last 10 years)'],0.5548894226551055,,0,0.4744471132755279
Redwing,Turdus iliacus,25530.0,25533.0,0.7830180525779724,Turdus iliacus_Redwing,2,245AAA0563ED3DA7_20251014_000000.WAV,245AAA0563ED3DA7_20251014_000000,2025-10-14,00:00:00,2025-10-14 07:05:30,Redwing,2025-10-14 07:05:30,0.7830180525779724,REVIEW,True,True,True,,,['eBird validation skipped (no API key); GBIF: Turdus iliacus has no recorded occurrences in 50.0km radius for month 10 (last 10 years)'],0.6566036105155945,,0,0.9830180525779725
Redwing,Turdus iliacus,21321.0,21324.0,0.5648013353347778,Turdus iliacus_Redwing,1,245AAA0563ED3DA7_20251013_113753.WAV,245AAA0563ED3DA7_20251013_113753,2025-10-13,11:37:53,2025-10-13 17:33:14,Redwing,2025-10-13 17:33:14,0.5648013353347778,REVIEW,True,True,True,,,['eBird validation skipped (no API key); GBIF: Turdus iliacus has no recorded occurrences in 50.0km radius for month 10 (last 10 years)'],0.6129602670669556,,0,0.7648013353347779
Redwing,Turdus iliacus,11583.0,11586.0,0.4767411649227142,Turdus iliacus_Redwing,1,245AAA0563ED3DA7_20251013_113753.WAV,245AAA0563ED3DA7_20251013_113753,2025-10-13,11:37:53,2025-10-13 14:50:56,Redwing,2025-10-13 14:50:56,0.4767411649227142,REVIEW,True,True,True,,,['eBird validation skipped (no API key); GBIF: Turdus iliacus has no recorded occurrences in 50.0km radius for month 10 (last 10 years)'],0.5953482329845429,,0,0.6767411649227143
Reed Bunting,Emberiza schoeniclus,35949.0,35952.0,0.2931766510009765,Emberiza schoeniclus_Reed Bunting,4,245AAA0563ED3DA7_20251015_000000.WAV,245AAA0563ED3DA7_20251015_000000,2025-10-15,00:00:00,2025-10-15 09:59:09,Reed Bunting,2025-10-15 09:59:09,0.2931766510009765,REVIEW,True,True,True,,,['eBird validation skipped (no API key); GBIF: Emberiza schoeniclus has no recorded occurrences in 50.0km radius for month 10 (last 10 years)'],0.5586353302001953,,0,0.4931766510009765
Reed Bunting,Emberiza schoeniclus,40899.0,40902.0,0.2529216110706329,Emberiza schoeniclus_Reed Bunting,4,245AAA0563ED3DA7_20251015_000000.WAV,245AAA0563ED3DA7_20251015_000000,2025-10-15,00:00:00,2025-10-15 11:21:39,Reed Bunting,2025-10-15 11:21:39,0.2529216110706329,REVIEW,True,True,True,,,['eBird validation skipped (no API key); GBIF: Emberiza schoeniclus has no recorded occurrences in 50.0km radius for month 10 (last 10 years)'],0.5505843222141266,,0,0.4529216110706329
Richard's Pipit,Anthus richardi,30885.0,30888.0,0.9399092197418212,Anthus richardi_Richard's Pipit,2,245AAA0563ED3DA7_20251014_000000.WAV,245AAA0563ED3DA7_20251014_000000,2025-10-14,00:00:00,2025-10-14 08:34:45,Richard's Pipit,2025-10-14 08:34:45,0.9399092197418212,REVIEW,True,True,True,,,['eBird validation skipped (no API key); GBIF: Anthus richardi has no recorded occurrences in 50.0km radius for month 10 (last 10 years)'],0.6879818439483643,,0,1.1399092197418212
Ring-necked Pheasant,Phasianus colchicus,43569.0,43572.0,0.6621363162994385,Phasianus colchicus_Ring-necked Pheasant,2,245AAA0563ED3DA7_20251014_000000.WAV,245AAA0563ED3DA7_20251014_000000,2025-10-14,00:00:00,2025-10-14 12:06:09,Ring-necked Pheasant,2025-10-14 12:06:09,0.6621363162994385,REVIEW,True,True,True,,,['eBird validation skipped (no API key); GBIF: Phasianus colchicus has no recorded occurrences in 50.0km radius for month 10 (last 10 years)'],0.6324272632598877,,0,0.8621363162994385
Ring-necked Pheasant,Phasianus colchicus,43821.0,43824.0,0.5948500037193298,Phasianus colchicus_Ring-necked Pheasant,2,245AAA0563ED3DA7_20251014_000000.WAV,245AAA0563ED3DA7_20251014_000000,2025-10-14,00:00:00,2025-10-14 12:10:21,Ring-necked Pheasant,2025-10-14 12:10:21,0.5948500037193298,REVIEW,True,True,True,,,['eBird validation skipped (no API key); GBIF: Phasianus colchicus has no recorded occurrences in 50.0km radius for month 10 (last 10 years)'],0.618970000743866,,0,0.7948500037193299
Ring-necked Pheasant,Phasianus colchicus,5475.0,5478.0,0.5354991555213928,Phasianus colchicus_Ring-necked Pheasant,4,245AAA0563ED3DA7_20251015_000000.WAV,245AAA0563ED3DA7_20251015_000000,2025-10-15,00:00:00,2025-10-15 01:31:15,Ring-necked Pheasant,2025-10-15 01:31:15,0.5354991555213928,REVIEW,True,True,True,,,['eBird validation skipped (no API key); GBIF: Phasianus colchicus has no recorded occurrences in 50.0km radius for month 10 (last 10 years)'],0.6070998311042786,,0,0.7354991555213929
River Warbler,Locustella fluviatilis,26664.0,26667.0,0.2537513673305511,Locustella fluviatilis_River Warbler,2,245AAA0563ED3DA7_20251014_000000.WAV,245AAA0563ED3DA7_20251014_000000,2025-10-14,00:00:00,2025-10-14 07:24:24,River Warbler,2025-10-14 07:24:24,0.2537513673305511,REVIEW,True,True,True,,,['eBird validation skipped (no API key); GBIF: Locustella fluviatilis has no recorded occurrences in 50.0km radius for month 10 (last 10 years)'],0.5507502734661103,,0,0.4537513673305511
Rook,Corvus frugilegus,33294.0,33297.0,0.8196960091590881,Corvus frugilegus_Rook,4,245AAA0563ED3DA7_20251015_000000.WAV,245AAA0563ED3DA7_20251015_000000,2025-10-15,00:00:00,2025-10-15 09:14:54,Rook,2025-10-15 09:14:54,0.8196960091590881,REVIEW,True,True,True,,,['eBird validation skipped (no API key); GBIF: Corvus frugilegus has no recorded occurrences in 50.0km radius for month 10 (last 10 years)'],0.6639392018318176,,0,1.019696009159088
Rook,Corvus frugilegus,33870.0,33873.0,0.8001953363418579,Corvus frugilegus_Rook,4,245AAA0563ED3DA7_20251015_000000.WAV,245AAA0563ED3DA7_20251015_000000,2025-10-15,00:00:00,2025-10-15 09:24:30,Rook,2025-10-15 09:24:30,0.8001953363418579,REVIEW,True,True,True,,,['eBird validation skipped (no API key); GBIF: Corvus frugilegus has no recorded occurrences in 50.0km radius for month 10 (last 10 years)'],0.6600390672683716,,0,1.0001953363418579
Rook,Corvus frugilegus,33360.0,33363.0,0.7314068078994751,Corvus frugilegus_Rook,4,245AAA0563ED3DA7_20251015_000000.WAV,245AAA0563ED3DA7_20251015_000000,2025-10-15,00:00:00,2025-10-15 09:16:00,Rook,2025-10-15 09:16:00,0.7314068078994751,REVIEW,True,True,True,,,['eBird validation skipped (no API key); GBIF: Corvus frugilegus has no recorded occurrences in 50.0km radius for month 10 (last 10 years)'],0.646281361579895,,0,0.9314068078994752
Snow Bunting,Plectrophenax nivalis,42909.0,42912.0,0.8968643546104431,Plectrophenax nivalis_Snow Bunting,4,245AAA0563ED3DA7_20251015_000000.WAV,245AAA0563ED3DA7_20251015_000000,2025-10-15,00:00:00,2025-10-15 11:55:09,Snow Bunting,2025-10-15 11:55:09,0.8968643546104431,REVIEW,True,True,True,,,['eBird validation skipped (no API key); GBIF: Plectrophenax nivalis has no recorded occurrences in 50.0km radius for month 10 (last 10 years)'],0.6793728709220886,,0,1.096864354610443
Snow Bunting,Plectrophenax nivalis,42906.0,42909.0,0.6862700581550598,Plectrophenax nivalis_Snow Bunting,4,245AAA0563ED3DA7_20251015_000000.WAV,245AAA0563ED3DA7_20251015_000000,2025-10-15,00:00:00,2025-10-15 11:55:06,Snow Bunting,2025-10-15 11:55:06,0.6862700581550598,REVIEW,True,True,True,,,['eBird validation skipped (no API key); GBIF: Plectrophenax nivalis has no recorded occurrences in 50.0km radius for month 10 (last 10 years)'],0.6372540116310119,,0,0.8862700581550599
Snow Bunting,Plectrophenax nivalis,42903.0,42906.0,0.6396750211715698,Plectrophenax nivalis_Snow Bunting,4,245AAA0563ED3DA7_20251015_000000.WAV,245AAA0563ED3DA7_20251015_000000,2025-10-15,00:00:00,2025-10-15 11:55:03,Snow Bunting,2025-10-15 11:55:03,0.6396750211715698,REVIEW,True,True,True,,,['eBird validation skipped (no API key); GBIF: Plectrophenax nivalis has no recorded occurrences in 50.0km radius for month 10 (last 10 years)'],0.6279350042343139,,0,0.8396750211715699
Spotted Crake,Porzana porzana,2727.0,2730.0,0.9933927655220032,Porzana porzana_Spotted Crake,3,245AAA0563ED3DA7_20251014_122526.WAV,245AAA0563ED3DA7_20251014_122526,2025-10-14,12:25:26,2025-10-14 13:10:53,Spotted Crake,2025-10-14 13:10:53,0.9933927655220032,REVIEW,True,True,True,,,['eBird validation skipped (no API key); GBIF: Porzana porzana has no recorded occurrences in 50.0km radius for month 10 (last 10 years)'],0.6986785531044006,,0,1.1933927655220034
Spotted Crake,Porzana porzana,42288.0,42291.0,0.992300271987915,Porzana porzana_Spotted Crake,4,245AAA0563ED3DA7_20251015_000000.WAV,245AAA0563ED3DA7_20251015_000000,2025-10-15,00:00:00,2025-10-15 11:44:48,Spotted Crake,2025-10-15 11:44:48,0.992300271987915,REVIEW,True,True,True,,,['eBird validation skipped (no API key); GBIF: Porzana porzana has no recorded occurrences in 50.0km radius for month 10 (last 10 years)'],0.698460054397583,,0,1.1923002719879152
Spotted Crake,Porzana porzana,4251.0,4254.0,0.991713285446167,Porzana porzana_Spotted Crake,1,245AAA0563ED3DA7_20251013_113753.WAV,245AAA0563ED3DA7_20251013_113753,2025-10-13,11:37:53,2025-10-13 12:48:44,Spotted Crake,2025-10-13 12:48:44,0.991713285446167,REVIEW,True,True,True,,,['eBird validation skipped (no API key); GBIF: Porzana porzana has no recorded occurrences in 50.0km radius for month 10 (last 10 years)'],0.6983426570892334,,0,1.1917132854461672
Taiga Bean-Goose,Anser fabalis,44631.0,44634.0,0.3845321238040924,Anser fabalis_Taiga Bean-Goose,4,245AAA0563ED3DA7_20251015_000000.WAV,245AAA0563ED3DA7_20251015_000000,2025-10-15,00:00:00,2025-10-15 12:23:51,Taiga Bean-Goose,2025-10-15 12:23:51,0.3845321238040924,REVIEW,True,True,True,,,['eBird validation skipped (no API key); GBIF: Anser fabalis has no recorded occurrences in 50.0km radius for month 10 (last 10 years)'],0.5769064247608184,,0,0.5845321238040925
Taiga Bean-Goose,Anser fabalis,43275.0,43278.0,0.3068070709705353,Anser fabalis_Taiga Bean-Goose,4,245AAA0563ED3DA7_20251015_000000.WAV,245AAA0563ED3DA7_20251015_000000,2025-10-15,00:00:00,2025-10-15 12:01:15,Taiga Bean-Goose,2025-10-15 12:01:15,0.3068070709705353,REVIEW,True,True,True,,,['eBird validation skipped (no API key); GBIF: Anser fabalis has no recorded occurrences in 50.0km radius for month 10 (last 10 years)'],0.561361414194107,,0,0.5068070709705352
Tawny Owl,Strix aluco,31671.0,31674.0,0.8152799606323242,Strix aluco_Tawny Owl,3,245AAA0563ED3DA7_20251014_122526.WAV,245AAA0563ED3DA7_20251014_122526,2025-10-14,12:25:26,2025-10-14 21:13:17,Tawny Owl,2025-10-14 21:13:17,0.8152799606323242,REVIEW,True,True,True,,,['eBird validation skipped (no API key); GBIF: Strix aluco has no recorded occurrences in 50.0km radius for month 10 (last 10 years)'],0.6630559921264648,,0,1.0152799606323242
Tawny Owl,Strix aluco,17649.0,17652.0,0.7819859385490417,Strix aluco_Tawny Owl,2,245AAA0563ED3DA7_20251014_000000.WAV,245AAA0563ED3DA7_20251014_000000,2025-10-14,00:00:00,2025-10-14 04:54:09,Tawny Owl,2025-10-14 04:54:09,0.7819859385490417,REVIEW,True,True,True,,,['eBird validation skipped (no API key); GBIF: Strix aluco has no recorded occurrences in 50.0km radius for month 10 (last 10 years)'],0.6563971877098084,,0,0.9819859385490418
Tawny Owl,Strix aluco,13308.0,13311.0,0.741028904914856,Strix aluco_Tawny Owl,2,245AAA0563ED3DA7_20251014_000000.WAV,245AAA0563ED3DA7_20251014_000000,2025-10-14,00:00:00,2025-10-14 03:41:48,Tawny Owl,2025-10-14 03:41:48,0.741028904914856,REVIEW,True,True,True,,,['eBird validation skipped (no API key); GBIF: Strix aluco has no recorded occurrences in 50.0km radius for month 10 (last 10 years)'],0.6482057809829712,,0,0.941028904914856
Tree Pipit,Anthus trivialis,26316.0,26319.0,0.6749482154846191,Anthus trivialis_Tree Pipit,2,245AAA0563ED3DA7_20251014_000000.WAV,245AAA0563ED3DA7_20251014_000000,2025-10-14,00:00:00,2025-10-14 07:18:36,Tree Pipit,2025-10-14 07:18:36,0.6749482154846191,REVIEW,True,True,True,,,['eBird validation skipped (no API key); GBIF: Anthus trivialis has no recorded occurrences in 50.0km radius for month 10 (last 10 years)'],0.6349896430969239,,0,0.8749482154846192
Tree Pipit,Anthus trivialis,31419.0,31422.0,0.5250793695449829,Anthus trivialis_Tree Pipit,2,245AAA0563ED3DA7_20251014_000000.WAV,245AAA0563ED3DA7_20251014_000000,2025-10-14,00:00:00,2025-10-14 08:43:39,Tree Pipit,2025-10-14 08:43:39,0.5250793695449829,REVIEW,True,True,True,,,['eBird validation skipped (no API key); GBIF: Anthus trivialis has no recorded occurrences in 50.0km radius for month 10 (last 10 years)'],0.6050158739089966,,0,0.725079369544983
Tundra Bean-Goose,Anser serrirostris,44631.0,44634.0,0.357853353023529,Anser serrirostris_Tundra Bean-Goose,4,245AAA0563ED3DA7_20251015_000000.WAV,245AAA0563ED3DA7_20251015_000000,2025-10-15,00:00:00,2025-10-15 12:23:51,Tundra Bean-Goose,2025-10-15 12:23:51,0.357853353023529,REVIEW,True,True,True,,,['eBird validation skipped (no API key); GBIF: Anser serrirostris has no recorded occurrences in 50.0km radius for month 10 (last 10 years)'],0.5715706706047058,,0,0.5578533530235291
Tundra Bean-Goose,Anser serrirostris,14055.0,14058.0,0.2835055291652679,Anser serrirostris_Tundra Bean-Goose,4,245AAA0563ED3DA7_20251015_000000.WAV,245AAA0563ED3DA7_20251015_000000,2025-10-15,00:00:00,2025-10-15 03:54:15,Tundra Bean-Goose,2025-10-15 03:54:15,0.2835055291652679,REVIEW,True,True,True,,,['eBird validation skipped (no API key); GBIF: Anser serrirostris has no recorded occurrences in 50.0km radius for month 10 (last 10 years)'],0.5567011058330535,,0,0.4835055291652679
Tundra Bean-Goose,Anser serrirostris,43311.0,43314.0,0.2599484920501709,Anser serrirostris_Tundra Bean-Goose,4,245AAA0563ED3DA7_20251015_000000.WAV,245AAA0563ED3DA7_20251015_000000,2025-10-15,00:00:00,2025-10-15 12:01:51,Tundra Bean-Goose,2025-10-15 12:01:51,0.2599484920501709,REVIEW,True,True,True,,,['eBird validation skipped (no API key); GBIF: Anser serrirostris has no recorded occurrences in 50.0km radius for month 10 (last 10 years)'],0.5519896984100342,,0,0.45994849205017085
Tundra Swan,Cygnus columbianus,13476.0,13479.0,0.5657656192779541,Cygnus columbianus_Tundra Swan,1,245AAA0563ED3DA7_20251013_113753.WAV,245AAA0563ED3DA7_20251013_113753,2025-10-13,11:37:53,2025-10-13 15:22:29,Tundra Swan,2025-10-13 15:22:29,0.5657656192779541,REVIEW,True,True,True,,,['eBird validation skipped (no API key); GBIF: Cygnus columbianus has no recorded occurrences in 50.0km radius for month 10 (last 10 years)'],0.6131531238555908,,0,0.7657656192779542
Tundra Swan,Cygnus columbianus,11706.0,11709.0,0.5311620831489563,Cygnus columbianus_Tundra Swan,1,245AAA0563ED3DA7_20251013_113753.WAV,245AAA0563ED3DA7_20251013_113753,2025-10-13,11:37:53,2025-10-13 14:52:59,Tundra Swan,2025-10-13 14:52:59,0.5311620831489563,REVIEW,True,True,True,,,['eBird validation skipped (no API key); GBIF: Cygnus columbianus has no recorded occurrences in 50.0km radius for month 10 (last 10 years)'],0.6062324166297912,,0,0.7311620831489564
Tundra Swan,Cygnus columbianus,12837.0,12840.0,0.3850102424621582,Cygnus columbianus_Tundra Swan,1,245AAA0563ED3DA7_20251013_113753.WAV,245AAA0563ED3DA7_20251013_113753,2025-10-13,11:37:53,2025-10-13 15:11:50,Tundra Swan,2025-10-13 15:11:50,0.3850102424621582,REVIEW,True,True,True,,,['eBird validation skipped (no API key); GBIF: Cygnus columbianus has no recorded occurrences in 50.0km radius for month 10 (last 10 years)'],0.5770020484924316,,0,0.5850102424621583
Water Rail,Rallus aquaticus,10614.0,10617.0,0.618826687335968,Rallus aquaticus_Water Rail,2,245AAA0563ED3DA7_20251014_000000.WAV,245AAA0563ED3DA7_20251014_000000,2025-10-14,00:00:00,2025-10-14 02:56:54,Water Rail,2025-10-14 02:56:54,0.618826687335968,REVIEW,True,True,True,,,['eBird validation skipped (no API key); GBIF: Rallus aquaticus has no recorded occurrences in 50.0km radius for month 10 (last 10 years)'],0.6237653374671936,,0,0.8188266873359681
Water Rail,Rallus aquaticus,41742.0,41745.0,0.373840719461441,Rallus aquaticus_Water Rail,2,245AAA0563ED3DA7_20251014_000000.WAV,245AAA0563ED3DA7_20251014_000000,2025-10-14,00:00:00,2025-10-14 11:35:42,Water Rail,2025-10-14 11:35:42,0.373840719461441,REVIEW,True,True,True,,,['eBird validation skipped (no API key); GBIF: Rallus aquaticus has no recorded occurrences in 50.0km radius for month 10 (last 10 years)'],0.5747681438922883,,0,0.5738407194614411
Water Rail,Rallus aquaticus,40899.0,40902.0,0.3396559655666351,Rallus aquaticus_Water Rail,2,245AAA0563ED3DA7_20251014_000000.WAV,245AAA0563ED3DA7_20251014_000000,2025-10-14,00:00:00,2025-10-14 11:21:39,Water Rail,2025-10-14 11:21:39,0.3396559655666351,REVIEW,True,True,True,,,['eBird validation skipped (no API key); GBIF: Rallus aquaticus has no recorded occurrences in 50.0km radius for month 10 (last 10 years)'],0.5679311931133271,,0,0.5396559655666351
Western Yellow Wagtail,Motacilla flava,35949.0,35952.0,0.5927988886833191,Motacilla flava_Western Yellow Wagtail,4,245AAA0563ED3DA7_20251015_000000.WAV,245AAA0563ED3DA7_20251015_000000,2025-10-15,00:00:00,2025-10-15 09:59:09,Western Yellow Wagtail,2025-10-15 09:59:09,0.5927988886833191,REVIEW,True,True,True,,,['eBird validation skipped (no API key); GBIF: Motacilla flava has no recorded occurrences in 50.0km radius for month 10 (last 10 years)'],0.6185597777366638,,0,0.7927988886833192
Western Yellow Wagtail,Motacilla flava,39675.0,39678.0,0.4389395117759704,Motacilla flava_Western Yellow Wagtail,4,245AAA0563ED3DA7_20251015_000000.WAV,245AAA0563ED3DA7_20251015_000000,2025-10-15,00:00:00,2025-10-15 11:01:15,Western Yellow Wagtail,2025-10-15 11:01:15,0.4389395117759704,REVIEW,True,True,True,,,['eBird validation skipped (no API key); GBIF: Motacilla flava has no recorded occurrences in 50.0km radius for month 10 (last 10 years)'],0.5877879023551941,,0,0.6389395117759705
Western Yellow Wagtail,Motacilla flava,39426.0,39429.0,0.3433657586574554,Motacilla flava_Western Yellow Wagtail,4,245AAA0563ED3DA7_20251015_000000.WAV,245AAA0563ED3DA7_20251015_000000,2025-10-15,00:00:00,2025-10-15 10:57:06,Western Yellow Wagtail,2025-10-15 10:57:06,0.3433657586574554,REVIEW,True,True,True,,,['eBird validation skipped (no API key); GBIF: Motacilla flava has no recorded occurrences in 50.0km radius for month 10 (last 10 years)'],0.5686731517314911,,0,0.5433657586574554
White Wagtail,Motacilla alba,30420.0,30423.0,0.5791553854942322,Motacilla alba_White Wagtail,2,245AAA0563ED3DA7_20251014_000000.WAV,245AAA0563ED3DA7_20251014_000000,2025-10-14,00:00:00,2025-10-14 08:27:00,White Wagtail,2025-10-14 08:27:00,0.5791553854942322,REVIEW,True,True,True,,,['eBird validation skipped (no API key); GBIF: Motacilla alba has no recorded occurrences in 50.0km radius for month 10 (last 10 years)'],0.6158310770988464,,0,0.7791553854942322
White Wagtail,Motacilla alba,28746.0,28749.0,0.4605113267898559,Motacilla alba_White Wagtail,2,245AAA0563ED3DA7_20251014_000000.WAV,245AAA0563ED3DA7_20251014_000000,2025-10-14,00:00:00,2025-10-14 07:59:06,White Wagtail,2025-10-14 07:59:06,0.4605113267898559,REVIEW,True,True,True,,,['eBird validation skipped (no API key); GBIF: Motacilla alba has no recorded occurrences in 50.0km radius for month 10 (last 10 years)'],0.5921022653579712,,0,0.660511326789856
White Wagtail,Motacilla alba,27504.0,27507.0,0.385284274816513,Motacilla alba_White Wagtail,2,245AAA0563ED3DA7_20251014_000000.WAV,245AAA0563ED3DA7_20251014_000000,2025-10-14,00:00:00,2025-10-14 07:38:24,White Wagtail,2025-10-14 07:38:24,0.385284274816513,REVIEW,True,True,True,,,['eBird validation skipped (no API key); GBIF: Motacilla alba has no recorded occurrences in 50.0km radius for month 10 (last 10 years)'],0.5770568549633026,,0,0.5852842748165131
Whooper Swan,Cygnus cygnus,39717.0,39720.0,0.5115653276443481,Cygnus cygnus_Whooper Swan,4,245AAA0563ED3DA7_20251015_000000.WAV,245AAA0563ED3DA7_20251015_000000,2025-10-15,00:00:00,2025-10-15 11:01:57,Whooper Swan,2025-10-15 11:01:57,0.5115653276443481,REVIEW,True,True,True,,,['eBird validation skipped (no API key); GBIF: Cygnus cygnus has no recorded occurrences in 50.0km radius for month 10 (last 10 years)'],0.6023130655288697,,0,0.7115653276443482
Whooper Swan,Cygnus cygnus,23250.0,23253.0,0.308946281671524,Cygnus cygnus_Whooper Swan,3,245AAA0563ED3DA7_20251014_122526.WAV,245AAA0563ED3DA7_20251014_122526,2025-10-14,12:25:26,2025-10-14 18:52:56,Whooper Swan,2025-10-14 18:52:56,0.308946281671524,REVIEW,True,True,True,,,['eBird validation skipped (no API key); GBIF: Cygnus cygnus has no recorded occurrences in 50.0km radius for month 10 (last 10 years)'],0.5617892563343048,,0,0.508946281671524
Whooper Swan,Cygnus cygnus,16920.0,16923.0,0.3058826327323913,Cygnus cygnus_Whooper Swan,4,245AAA0563ED3DA7_20251015_000000.WAV,245AAA0563ED3DA7_20251015_000000,2025-10-15,00:00:00,2025-10-15 04:42:00,Whooper Swan,2025-10-15 04:42:00,0.3058826327323913,REVIEW,True,True,True,,,['eBird validation skipped (no API key); GBIF: Cygnus cygnus has no recorded occurrences in 50.0km radius for month 10 (last 10 years)'],0.5611765265464783,,0,0.5058826327323913
Yellowhammer,Emberiza citrinella,31626.0,31629.0,0.832180380821228,Emberiza citrinella_Yellowhammer,2,245AAA0563ED3DA7_20251014_000000.WAV,245AAA0563ED3DA7_20251014_000000,2025-10-14,00:00:00,2025-10-14 08:47:06,Yellowhammer,2025-10-14 08:47:06,0.832180380821228,REVIEW,True,True,True,,,['eBird validation skipped (no API key); GBIF: Emberiza citrinella has no recorded occurrences in 50.0km radius for month 10 (last 10 years)'],0.6964360761642456,,0,1.032180380821228
Yellowhammer,Emberiza citrinella,40650.0,40653.0,0.661310613155365,Emberiza citrinella_Yellowhammer,4,245AAA0563ED3DA7_20251015_000000.WAV,245AAA0563ED3DA7_20251015_000000,2025-10-15,00:00:00,2025-10-15 11:17:30,Yellowhammer,2025-10-15 11:17:30,0.661310613155365,REVIEW,True,True,True,,,['eBird validation skipped (no API key); GBIF: Emberiza citrinella has no recorded occurrences in 50.0km radius for month 10 (last 10 years)'],0.662262122631073,,0,0.8613106131553651
Yellowhammer,Emberiza citrinella,34578.0,34581.0,0.6222822666168213,Emberiza citrinella_Yellowhammer,2,245AAA0563ED3DA7_20251014_000000.WAV,245AAA0563ED3DA7_20251014_000000,2025-10-14,00:00:00,2025-10-14 09:36:18,Yellowhammer,2025-10-14 09:36:18,0.6222822666168213,REVIEW,True,True,True,,,['eBird validation skipped (no API key); GBIF: Emberiza citrinella has no recorded occurrences in 50.0km radius for month 10 (last 10 years)'],0.6544564533233642,,0,0.8222822666168214
